Concentration,Temp_C,Base,Ligand,Solvent,yield
0.1,105,Potassium acetate,BrettPhos,DMAc,5.47
0.1,105,Potassium acetate,Di-tert-butylphenylphosphine,DMAc,0
0.1,105,Potassium acetate,(t-Bu)PhCPhos,DMAc,78.95
0.1,105,Potassium acetate,Tricyclohexylphosphine,DMAc,7.26
0.1,105,Potassium acetate,PPh3,DMAc,28.15
0.1,105,Potassium acetate,XPhos,DMAc,65.37
0.1,105,Potassium pivalate,BrettPhos,DMAc,0.07
0.1,105,Potassium pivalate,Di-tert-butylphenylphosphine,DMAc,0
0.1,105,Potassium pivalate,(t-Bu)PhCPhos,DMAc,28.64
0.1,105,Potassium pivalate,Tricyclohexylphosphine,DMAc,10.44
0.1,105,Potassium pivalate,PPh3,DMAc,63.13
0.1,105,Potassium pivalate,XPhos,DMAc,77.41
0.1,105,Cesium acetate,BrettPhos,DMAc,4.74
0.1,105,Cesium acetate,Di-tert-butylphenylphosphine,DMAc,0
0.1,105,Cesium acetate,(t-Bu)PhCPhos,DMAc,29.31
0.1,105,Cesium acetate,Tricyclohexylphosphine,DMAc,12.83
0.1,105,Cesium acetate,PPh3,DMAc,62.82
0.1,105,Cesium acetate,XPhos,DMAc,87.83
0.1,105,Cesium pivalate,BrettPhos,DMAc,0
0.1,105,Cesium pivalate,Di-tert-butylphenylphosphine,DMAc,0
0.1,105,Cesium pivalate,(t-Bu)PhCPhos,DMAc,7.62
0.1,105,Cesium pivalate,Tricyclohexylphosphine,DMAc,8.85
0.1,105,Cesium pivalate,PPh3,DMAc,52.05
0.1,105,Cesium pivalate,XPhos,DMAc,29.16
0.1,105,Potassium acetate,BrettPhos,Butyornitrile,18.44
0.1,105,Potassium acetate,Di-tert-butylphenylphosphine,Butyornitrile,0
0.1,105,Potassium acetate,(t-Bu)PhCPhos,Butyornitrile,6.17
0.1,105,Potassium acetate,Tricyclohexylphosphine,Butyornitrile,0
0.1,105,Potassium acetate,PPh3,Butyornitrile,6.24
0.1,105,Potassium acetate,XPhos,Butyornitrile,47.3
0.1,105,Potassium pivalate,BrettPhos,Butyornitrile,56.05
0.1,105,Potassium pivalate,Di-tert-butylphenylphosphine,Butyornitrile,0
0.1,105,Potassium pivalate,(t-Bu)PhCPhos,Butyornitrile,6.39
0.1,105,Potassium pivalate,Tricyclohexylphosphine,Butyornitrile,0.35
0.1,105,Potassium pivalate,PPh3,Butyornitrile,4.28
0.1,105,Potassium pivalate,XPhos,Butyornitrile,56.14
0.1,105,Cesium acetate,BrettPhos,Butyornitrile,64.48
0.1,105,Cesium acetate,Di-tert-butylphenylphosphine,Butyornitrile,0
0.1,105,Cesium acetate,(t-Bu)PhCPhos,Butyornitrile,5.88
0.1,105,Cesium acetate,Tricyclohexylphosphine,Butyornitrile,0.57
0.1,105,Cesium acetate,PPh3,Butyornitrile,3.21
0.1,105,Cesium acetate,XPhos,Butyornitrile,83.83
0.1,105,Cesium pivalate,BrettPhos,Butyornitrile,55.41
0.1,105,Cesium pivalate,Di-tert-butylphenylphosphine,Butyornitrile,0
0.1,105,Cesium pivalate,(t-Bu)PhCPhos,Butyornitrile,5.41
0.1,105,Cesium pivalate,Tricyclohexylphosphine,Butyornitrile,0.33
0.1,105,Cesium pivalate,PPh3,Butyornitrile,3.44
0.1,105,Cesium pivalate,XPhos,Butyornitrile,68.53
0.1,105,Potassium acetate,BrettPhos,Butyl Ester,17.09
0.1,105,Potassium acetate,Di-tert-butylphenylphosphine,Butyl Ester,0
0.1,105,Potassium acetate,(t-Bu)PhCPhos,Butyl Ester,0
0.1,105,Potassium acetate,Tricyclohexylphosphine,Butyl Ester,0
0.1,105,Potassium acetate,PPh3,Butyl Ester,3.41
0.1,105,Potassium acetate,XPhos,Butyl Ester,64.62
0.1,105,Potassium pivalate,BrettPhos,Butyl Ester,49.22
0.1,105,Potassium pivalate,Di-tert-butylphenylphosphine,Butyl Ester,0
0.1,105,Potassium pivalate,(t-Bu)PhCPhos,Butyl Ester,22.75
0.1,105,Potassium pivalate,Tricyclohexylphosphine,Butyl Ester,0
0.1,105,Potassium pivalate,PPh3,Butyl Ester,1.92
0.1,105,Potassium pivalate,XPhos,Butyl Ester,48.25
0.1,105,Cesium acetate,BrettPhos,Butyl Ester,26.64
0.1,105,Cesium acetate,Di-tert-butylphenylphosphine,Butyl Ester,0
0.1,105,Cesium acetate,(t-Bu)PhCPhos,Butyl Ester,0
0.1,105,Cesium acetate,Tricyclohexylphosphine,Butyl Ester,0
0.1,105,Cesium acetate,PPh3,Butyl Ester,4.22
0.1,105,Cesium acetate,XPhos,Butyl Ester,86.43
0.1,105,Cesium pivalate,BrettPhos,Butyl Ester,27.48
0.1,105,Cesium pivalate,Di-tert-butylphenylphosphine,Butyl Ester,0
0.1,105,Cesium pivalate,(t-Bu)PhCPhos,Butyl Ester,15.16
0.1,105,Cesium pivalate,Tricyclohexylphosphine,Butyl Ester,0
0.1,105,Cesium pivalate,PPh3,Butyl Ester,0.91
0.1,105,Cesium pivalate,XPhos,Butyl Ester,59.92
0.1,105,Potassium acetate,BrettPhos,p-Xylene,16.44
0.1,105,Potassium acetate,Di-tert-butylphenylphosphine,p-Xylene,0
0.1,105,Potassium acetate,(t-Bu)PhCPhos,p-Xylene,6.39
0.1,105,Potassium acetate,Tricyclohexylphosphine,p-Xylene,0
0.1,105,Potassium acetate,PPh3,p-Xylene,2.06
0.1,105,Potassium acetate,XPhos,p-Xylene,43.76
0.1,105,Potassium pivalate,BrettPhos,p-Xylene,29.17
0.1,105,Potassium pivalate,Di-tert-butylphenylphosphine,p-Xylene,0
0.1,105,Potassium pivalate,(t-Bu)PhCPhos,p-Xylene,14.92
0.1,105,Potassium pivalate,Tricyclohexylphosphine,p-Xylene,0
0.1,105,Potassium pivalate,PPh3,p-Xylene,1.41
0.1,105,Potassium pivalate,XPhos,p-Xylene,35.07
0.1,105,Cesium acetate,BrettPhos,p-Xylene,40.03
0.1,105,Cesium acetate,Di-tert-butylphenylphosphine,p-Xylene,0
0.1,105,Cesium acetate,(t-Bu)PhCPhos,p-Xylene,19.51
0.1,105,Cesium acetate,Tricyclohexylphosphine,p-Xylene,0.55
0.1,105,Cesium acetate,PPh3,p-Xylene,10.5
0.1,105,Cesium acetate,XPhos,p-Xylene,67.17
0.1,105,Cesium pivalate,BrettPhos,p-Xylene,21.54
0.1,105,Cesium pivalate,Di-tert-butylphenylphosphine,p-Xylene,0
0.1,105,Cesium pivalate,(t-Bu)PhCPhos,p-Xylene,28.65
0.1,105,Cesium pivalate,Tricyclohexylphosphine,p-Xylene,0
0.1,105,Cesium pivalate,PPh3,p-Xylene,0.66
0.1,105,Cesium pivalate,XPhos,p-Xylene,53.63
0.1,90,Potassium acetate,BrettPhos,DMAc,5.22
0.1,90,Potassium acetate,Di-tert-butylphenylphosphine,DMAc,0
0.1,90,Potassium acetate,(t-Bu)PhCPhos,DMAc,47.03
0.1,90,Potassium acetate,Tricyclohexylphosphine,DMAc,1.71
0.1,90,Potassium acetate,PPh3,DMAc,14.29
0.1,90,Potassium acetate,XPhos,DMAc,38.03
0.1,90,Potassium pivalate,BrettPhos,DMAc,0
0.1,90,Potassium pivalate,Di-tert-butylphenylphosphine,DMAc,0
0.1,90,Potassium pivalate,(t-Bu)PhCPhos,DMAc,10.12
0.1,90,Potassium pivalate,Tricyclohexylphosphine,DMAc,3.01
0.1,90,Potassium pivalate,PPh3,DMAc,38.78
0.1,90,Potassium pivalate,XPhos,DMAc,55.17
0.1,90,Cesium acetate,BrettPhos,DMAc,4.23
0.1,90,Cesium acetate,Di-tert-butylphenylphosphine,DMAc,0
0.1,90,Cesium acetate,(t-Bu)PhCPhos,DMAc,17.74
0.1,90,Cesium acetate,Tricyclohexylphosphine,DMAc,4.02
0.1,90,Cesium acetate,PPh3,DMAc,32.36
0.1,90,Cesium acetate,XPhos,DMAc,84.17
0.1,90,Cesium pivalate,BrettPhos,DMAc,0
0.1,90,Cesium pivalate,Di-tert-butylphenylphosphine,DMAc,0
0.1,90,Cesium pivalate,(t-Bu)PhCPhos,DMAc,4.77
0.1,90,Cesium pivalate,Tricyclohexylphosphine,DMAc,3.69
0.1,90,Cesium pivalate,PPh3,DMAc,33.59
0.1,90,Cesium pivalate,XPhos,DMAc,22.94
0.1,90,Potassium acetate,BrettPhos,Butyornitrile,9.66
0.1,90,Potassium acetate,Di-tert-butylphenylphosphine,Butyornitrile,0
0.1,90,Potassium acetate,(t-Bu)PhCPhos,Butyornitrile,4.61
0.1,90,Potassium acetate,Tricyclohexylphosphine,Butyornitrile,0
0.1,90,Potassium acetate,PPh3,Butyornitrile,2.83
0.1,90,Potassium acetate,XPhos,Butyornitrile,26.5
0.1,90,Potassium pivalate,BrettPhos,Butyornitrile,39.5
0.1,90,Potassium pivalate,Di-tert-butylphenylphosphine,Butyornitrile,0.95
0.1,90,Potassium pivalate,(t-Bu)PhCPhos,Butyornitrile,6.69
0.1,90,Potassium pivalate,Tricyclohexylphosphine,Butyornitrile,0
0.1,90,Potassium pivalate,PPh3,Butyornitrile,2.48
0.1,90,Potassium pivalate,XPhos,Butyornitrile,45.95
0.1,90,Cesium acetate,BrettPhos,Butyornitrile,48.21
0.1,90,Cesium acetate,Di-tert-butylphenylphosphine,Butyornitrile,0
0.1,90,Cesium acetate,(t-Bu)PhCPhos,Butyornitrile,6.27
0.1,90,Cesium acetate,Tricyclohexylphosphine,Butyornitrile,0
0.1,90,Cesium acetate,PPh3,Butyornitrile,5.8
0.1,90,Cesium acetate,XPhos,Butyornitrile,86.37
0.1,90,Cesium pivalate,BrettPhos,Butyornitrile,48.64
0.1,90,Cesium pivalate,Di-tert-butylphenylphosphine,Butyornitrile,0
0.1,90,Cesium pivalate,(t-Bu)PhCPhos,Butyornitrile,5.29
0.1,90,Cesium pivalate,Tricyclohexylphosphine,Butyornitrile,0
0.1,90,Cesium pivalate,PPh3,Butyornitrile,1.9
0.1,90,Cesium pivalate,XPhos,Butyornitrile,69.11
0.1,90,Potassium acetate,BrettPhos,Butyl Ester,20.73
0.1,90,Potassium acetate,Di-tert-butylphenylphosphine,Butyl Ester,0
0.1,90,Potassium acetate,(t-Bu)PhCPhos,Butyl Ester,0
0.1,90,Potassium acetate,Tricyclohexylphosphine,Butyl Ester,0
0.1,90,Potassium acetate,PPh3,Butyl Ester,1.19
0.1,90,Potassium acetate,XPhos,Butyl Ester,28.11
0.1,90,Potassium pivalate,BrettPhos,Butyl Ester,30.95
0.1,90,Potassium pivalate,Di-tert-butylphenylphosphine,Butyl Ester,0
0.1,90,Potassium pivalate,(t-Bu)PhCPhos,Butyl Ester,0
0.1,90,Potassium pivalate,Tricyclohexylphosphine,Butyl Ester,0
0.1,90,Potassium pivalate,PPh3,Butyl Ester,0.65
0.1,90,Potassium pivalate,XPhos,Butyl Ester,42.3
0.1,90,Cesium acetate,BrettPhos,Butyl Ester,29.21
0.1,90,Cesium acetate,Di-tert-butylphenylphosphine,Butyl Ester,0
0.1,90,Cesium acetate,(t-Bu)PhCPhos,Butyl Ester,0
0.1,90,Cesium acetate,Tricyclohexylphosphine,Butyl Ester,0
0.1,90,Cesium acetate,PPh3,Butyl Ester,1.9
0.1,90,Cesium acetate,XPhos,Butyl Ester,85.24
0.1,90,Cesium pivalate,BrettPhos,Butyl Ester,23.75
0.1,90,Cesium pivalate,Di-tert-butylphenylphosphine,Butyl Ester,0
0.1,90,Cesium pivalate,(t-Bu)PhCPhos,Butyl Ester,0
0.1,90,Cesium pivalate,Tricyclohexylphosphine,Butyl Ester,0
0.1,90,Cesium pivalate,PPh3,Butyl Ester,0.26
0.1,90,Cesium pivalate,XPhos,Butyl Ester,3
0.1,90,Potassium acetate,BrettPhos,p-Xylene,17.92
0.1,90,Potassium acetate,Di-tert-butylphenylphosphine,p-Xylene,0
0.1,90,Potassium acetate,(t-Bu)PhCPhos,p-Xylene,7.34
0.1,90,Potassium acetate,Tricyclohexylphosphine,p-Xylene,0
0.1,90,Potassium acetate,PPh3,p-Xylene,0.55
0.1,90,Potassium acetate,XPhos,p-Xylene,25.5
0.1,90,Potassium pivalate,BrettPhos,p-Xylene,38.12
0.1,90,Potassium pivalate,Di-tert-butylphenylphosphine,p-Xylene,0
0.1,90,Potassium pivalate,(t-Bu)PhCPhos,p-Xylene,23.22
0.1,90,Potassium pivalate,Tricyclohexylphosphine,p-Xylene,0
0.1,90,Potassium pivalate,PPh3,p-Xylene,0.32
0.1,90,Potassium pivalate,XPhos,p-Xylene,26.33
0.1,90,Cesium acetate,BrettPhos,p-Xylene,42.45
0.1,90,Cesium acetate,Di-tert-butylphenylphosphine,p-Xylene,0
0.1,90,Cesium acetate,(t-Bu)PhCPhos,p-Xylene,20.04
0.1,90,Cesium acetate,Tricyclohexylphosphine,p-Xylene,0
0.1,90,Cesium acetate,PPh3,p-Xylene,5.91
0.1,90,Cesium acetate,XPhos,p-Xylene,59.27
0.1,90,Cesium pivalate,BrettPhos,p-Xylene,19.39
0.1,90,Cesium pivalate,Di-tert-butylphenylphosphine,p-Xylene,0
0.1,90,Cesium pivalate,(t-Bu)PhCPhos,p-Xylene,31.97
0.1,90,Cesium pivalate,Tricyclohexylphosphine,p-Xylene,0
0.1,90,Cesium pivalate,PPh3,p-Xylene,0
0.1,90,Cesium pivalate,XPhos,p-Xylene,36.98
0.1,120,Potassium acetate,BrettPhos,DMAc,5.03
0.1,120,Potassium acetate,Di-tert-butylphenylphosphine,DMAc,7.71
0.1,120,Potassium acetate,(t-Bu)PhCPhos,DMAc,82.09
0.1,120,Potassium acetate,Tricyclohexylphosphine,DMAc,24.56
0.1,120,Potassium acetate,PPh3,DMAc,74.04
0.1,120,Potassium acetate,XPhos,DMAc,88.41
0.1,120,Potassium pivalate,BrettPhos,DMAc,0.26
0.1,120,Potassium pivalate,Di-tert-butylphenylphosphine,DMAc,28.53
0.1,120,Potassium pivalate,(t-Bu)PhCPhos,DMAc,68.33
0.1,120,Potassium pivalate,Tricyclohexylphosphine,DMAc,47.58
0.1,120,Potassium pivalate,PPh3,DMAc,86.46
0.1,120,Potassium pivalate,XPhos,DMAc,80.61
0.1,120,Cesium acetate,BrettPhos,DMAc,4.08
0.1,120,Cesium acetate,Di-tert-butylphenylphosphine,DMAc,12.35
0.1,120,Cesium acetate,(t-Bu)PhCPhos,DMAc,62.6
0.1,120,Cesium acetate,Tricyclohexylphosphine,DMAc,44.53
0.1,120,Cesium acetate,PPh3,DMAc,87.32
0.1,120,Cesium acetate,XPhos,DMAc,84.81
0.1,120,Cesium pivalate,BrettPhos,DMAc,0
0.1,120,Cesium pivalate,Di-tert-butylphenylphosphine,DMAc,1.31
0.1,120,Cesium pivalate,(t-Bu)PhCPhos,DMAc,17.43
0.1,120,Cesium pivalate,Tricyclohexylphosphine,DMAc,27.93
0.1,120,Cesium pivalate,PPh3,DMAc,76.33
0.1,120,Cesium pivalate,XPhos,DMAc,48.15
0.1,120,Potassium acetate,BrettPhos,Butyornitrile,29.25
0.1,120,Potassium acetate,Di-tert-butylphenylphosphine,Butyornitrile,0
0.1,120,Potassium acetate,(t-Bu)PhCPhos,Butyornitrile,8.4
0.1,120,Potassium acetate,Tricyclohexylphosphine,Butyornitrile,1.96
0.1,120,Potassium acetate,PPh3,Butyornitrile,12.65
0.1,120,Potassium acetate,XPhos,Butyornitrile,56.57
0.1,120,Potassium pivalate,BrettPhos,Butyornitrile,50.79
0.1,120,Potassium pivalate,Di-tert-butylphenylphosphine,Butyornitrile,0
0.1,120,Potassium pivalate,(t-Bu)PhCPhos,Butyornitrile,6.44
0.1,120,Potassium pivalate,Tricyclohexylphosphine,Butyornitrile,3.28
0.1,120,Potassium pivalate,PPh3,Butyornitrile,9.59
0.1,120,Potassium pivalate,XPhos,Butyornitrile,50.93
0.1,120,Cesium acetate,BrettPhos,Butyornitrile,69.13
0.1,120,Cesium acetate,Di-tert-butylphenylphosphine,Butyornitrile,0
0.1,120,Cesium acetate,(t-Bu)PhCPhos,Butyornitrile,7.69
0.1,120,Cesium acetate,Tricyclohexylphosphine,Butyornitrile,3.8
0.1,120,Cesium acetate,PPh3,Butyornitrile,13.09
0.1,120,Cesium acetate,XPhos,Butyornitrile,84.17
0.1,120,Cesium pivalate,BrettPhos,Butyornitrile,46.53
0.1,120,Cesium pivalate,Di-tert-butylphenylphosphine,Butyornitrile,0
0.1,120,Cesium pivalate,(t-Bu)PhCPhos,Butyornitrile,5.3
0.1,120,Cesium pivalate,Tricyclohexylphosphine,Butyornitrile,3.1
0.1,120,Cesium pivalate,PPh3,Butyornitrile,7.36
0.1,120,Cesium pivalate,XPhos,Butyornitrile,59.81
0.1,120,Potassium acetate,BrettPhos,Butyl Ester,25.86
0.1,120,Potassium acetate,Di-tert-butylphenylphosphine,Butyl Ester,0
0.1,120,Potassium acetate,(t-Bu)PhCPhos,Butyl Ester,0
0.1,120,Potassium acetate,Tricyclohexylphosphine,Butyl Ester,0
0.1,120,Potassium acetate,PPh3,Butyl Ester,7.89
0.1,120,Potassium acetate,XPhos,Butyl Ester,73.71
0.1,120,Potassium pivalate,BrettPhos,Butyl Ester,43.18
0.1,120,Potassium pivalate,Di-tert-butylphenylphosphine,Butyl Ester,0
0.1,120,Potassium pivalate,(t-Bu)PhCPhos,Butyl Ester,0
0.1,120,Potassium pivalate,Tricyclohexylphosphine,Butyl Ester,0
0.1,120,Potassium pivalate,PPh3,Butyl Ester,4.23
0.1,120,Potassium pivalate,XPhos,Butyl Ester,66.49
0.1,120,Cesium acetate,BrettPhos,Butyl Ester,35.91
0.1,120,Cesium acetate,Di-tert-butylphenylphosphine,Butyl Ester,0
0.1,120,Cesium acetate,(t-Bu)PhCPhos,Butyl Ester,0
0.1,120,Cesium acetate,Tricyclohexylphosphine,Butyl Ester,0.03
0.1,120,Cesium acetate,PPh3,Butyl Ester,4.94
0.1,120,Cesium acetate,XPhos,Butyl Ester,2.79
0.1,120,Cesium pivalate,BrettPhos,Butyl Ester,51.99
0.1,120,Cesium pivalate,Di-tert-butylphenylphosphine,Butyl Ester,0
0.1,120,Cesium pivalate,(t-Bu)PhCPhos,Butyl Ester,19.42
0.1,120,Cesium pivalate,Tricyclohexylphosphine,Butyl Ester,1.37
0.1,120,Cesium pivalate,PPh3,Butyl Ester,2.49
0.1,120,Cesium pivalate,XPhos,Butyl Ester,52.22
0.1,120,Potassium acetate,BrettPhos,p-Xylene,18.55
0.1,120,Potassium acetate,Di-tert-butylphenylphosphine,p-Xylene,0
0.1,120,Potassium acetate,(t-Bu)PhCPhos,p-Xylene,5.69
0.1,120,Potassium acetate,Tricyclohexylphosphine,p-Xylene,0
0.1,120,Potassium acetate,PPh3,p-Xylene,5.94
0.1,120,Potassium acetate,XPhos,p-Xylene,67.04
0.1,120,Potassium pivalate,BrettPhos,p-Xylene,37.36
0.1,120,Potassium pivalate,Di-tert-butylphenylphosphine,p-Xylene,0
0.1,120,Potassium pivalate,(t-Bu)PhCPhos,p-Xylene,20.87
0.1,120,Potassium pivalate,Tricyclohexylphosphine,p-Xylene,0
0.1,120,Potassium pivalate,PPh3,p-Xylene,4.48
0.1,120,Potassium pivalate,XPhos,p-Xylene,44.74
0.1,120,Cesium acetate,BrettPhos,p-Xylene,28.93
0.1,120,Cesium acetate,Di-tert-butylphenylphosphine,p-Xylene,0
0.1,120,Cesium acetate,(t-Bu)PhCPhos,p-Xylene,16.09
0.1,120,Cesium acetate,Tricyclohexylphosphine,p-Xylene,2.98
0.1,120,Cesium acetate,PPh3,p-Xylene,16.64
0.1,120,Cesium acetate,XPhos,p-Xylene,67.17
0.1,120,Cesium pivalate,BrettPhos,p-Xylene,25.35
0.1,120,Cesium pivalate,Di-tert-butylphenylphosphine,p-Xylene,0
0.1,120,Cesium pivalate,(t-Bu)PhCPhos,p-Xylene,23.77
0.1,120,Cesium pivalate,Tricyclohexylphosphine,p-Xylene,0.69
0.1,120,Cesium pivalate,PPh3,p-Xylene,2.69
0.1,120,Cesium pivalate,XPhos,p-Xylene,55.8
0.057,90,Potassium acetate,BrettPhos,DMAc,3.6
0.057,90,Potassium acetate,Di-tert-butylphenylphosphine,DMAc,0
0.057,90,Potassium acetate,(t-Bu)PhCPhos,DMAc,57.27
0.057,90,Potassium acetate,Tricyclohexylphosphine,DMAc,3.4
0.057,90,Potassium acetate,PPh3,DMAc,19.55
0.057,90,Potassium acetate,XPhos,DMAc,43.2
0.057,90,Potassium pivalate,BrettPhos,DMAc,0
0.057,90,Potassium pivalate,Di-tert-butylphenylphosphine,DMAc,0
0.057,90,Potassium pivalate,(t-Bu)PhCPhos,DMAc,12.23
0.057,90,Potassium pivalate,Tricyclohexylphosphine,DMAc,5.85
0.057,90,Potassium pivalate,PPh3,DMAc,46.46
0.057,90,Potassium pivalate,XPhos,DMAc,52.77
0.057,90,Cesium acetate,BrettPhos,DMAc,1.96
0.057,90,Cesium acetate,Di-tert-butylphenylphosphine,DMAc,0
0.057,90,Cesium acetate,(t-Bu)PhCPhos,DMAc,31.18
0.057,90,Cesium acetate,Tricyclohexylphosphine,DMAc,8.04
0.057,90,Cesium acetate,PPh3,DMAc,36.96
0.057,90,Cesium acetate,XPhos,DMAc,79.33
0.057,90,Cesium pivalate,BrettPhos,DMAc,0
0.057,90,Cesium pivalate,Di-tert-butylphenylphosphine,DMAc,0
0.057,90,Cesium pivalate,(t-Bu)PhCPhos,DMAc,5.29
0.057,90,Cesium pivalate,Tricyclohexylphosphine,DMAc,6.38
0.057,90,Cesium pivalate,PPh3,DMAc,44.96
0.057,90,Cesium pivalate,XPhos,DMAc,23.71
0.057,90,Potassium acetate,BrettPhos,Butyornitrile,6.26
0.057,90,Potassium acetate,Di-tert-butylphenylphosphine,Butyornitrile,0
0.057,90,Potassium acetate,(t-Bu)PhCPhos,Butyornitrile,5.62
0.057,90,Potassium acetate,Tricyclohexylphosphine,Butyornitrile,0
0.057,90,Potassium acetate,PPh3,Butyornitrile,4.3
0.057,90,Potassium acetate,XPhos,Butyornitrile,18.72
0.057,90,Potassium pivalate,BrettPhos,Butyornitrile,29.57
0.057,90,Potassium pivalate,Di-tert-butylphenylphosphine,Butyornitrile,0
0.057,90,Potassium pivalate,(t-Bu)PhCPhos,Butyornitrile,5.62
0.057,90,Potassium pivalate,Tricyclohexylphosphine,Butyornitrile,0.14
0.057,90,Potassium pivalate,PPh3,Butyornitrile,5.92
0.057,90,Potassium pivalate,XPhos,Butyornitrile,30.83
0.057,90,Cesium acetate,BrettPhos,Butyornitrile,36.72
0.057,90,Cesium acetate,Di-tert-butylphenylphosphine,Butyornitrile,0
0.057,90,Cesium acetate,(t-Bu)PhCPhos,Butyornitrile,6.57
0.057,90,Cesium acetate,Tricyclohexylphosphine,Butyornitrile,0.28
0.057,90,Cesium acetate,PPh3,Butyornitrile,6.56
0.057,90,Cesium acetate,XPhos,Butyornitrile,72.9
0.057,90,Cesium pivalate,BrettPhos,Butyornitrile,37.58
0.057,90,Cesium pivalate,Di-tert-butylphenylphosphine,Butyornitrile,0
0.057,90,Cesium pivalate,(t-Bu)PhCPhos,Butyornitrile,4.89
0.057,90,Cesium pivalate,Tricyclohexylphosphine,Butyornitrile,0.86
0.057,90,Cesium pivalate,PPh3,Butyornitrile,5.19
0.057,90,Cesium pivalate,XPhos,Butyornitrile,40.02
0.057,90,Potassium acetate,BrettPhos,Butyl Ester,17.54
0.057,90,Potassium acetate,Di-tert-butylphenylphosphine,Butyl Ester,0
0.057,90,Potassium acetate,(t-Bu)PhCPhos,Butyl Ester,2.72
0.057,90,Potassium acetate,Tricyclohexylphosphine,Butyl Ester,0
0.057,90,Potassium acetate,PPh3,Butyl Ester,1.27
0.057,90,Potassium acetate,XPhos,Butyl Ester,32.71
0.057,90,Potassium pivalate,BrettPhos,Butyl Ester,61.94
0.057,90,Potassium pivalate,Di-tert-butylphenylphosphine,Butyl Ester,0
0.057,90,Potassium pivalate,(t-Bu)PhCPhos,Butyl Ester,17.9
0.057,90,Potassium pivalate,Tricyclohexylphosphine,Butyl Ester,0
0.057,90,Potassium pivalate,PPh3,Butyl Ester,0.05
0.057,90,Potassium pivalate,XPhos,Butyl Ester,68.86
0.057,90,Cesium acetate,BrettPhos,Butyl Ester,22.92
0.057,90,Cesium acetate,Di-tert-butylphenylphosphine,Butyl Ester,0
0.057,90,Cesium acetate,(t-Bu)PhCPhos,Butyl Ester,7.84
0.057,90,Cesium acetate,Tricyclohexylphosphine,Butyl Ester,0
0.057,90,Cesium acetate,PPh3,Butyl Ester,1.03
0.057,90,Cesium acetate,XPhos,Butyl Ester,61.71
0.057,90,Cesium pivalate,BrettPhos,Butyl Ester,28.74
0.057,90,Cesium pivalate,Di-tert-butylphenylphosphine,Butyl Ester,0
0.057,90,Cesium pivalate,(t-Bu)PhCPhos,Butyl Ester,16.51
0.057,90,Cesium pivalate,Tricyclohexylphosphine,Butyl Ester,0
0.057,90,Cesium pivalate,PPh3,Butyl Ester,0.43
0.057,90,Cesium pivalate,XPhos,Butyl Ester,62.34
0.057,90,Potassium acetate,BrettPhos,p-Xylene,12.39
0.057,90,Potassium acetate,Di-tert-butylphenylphosphine,p-Xylene,0
0.057,90,Potassium acetate,(t-Bu)PhCPhos,p-Xylene,6.98
0.057,90,Potassium acetate,Tricyclohexylphosphine,p-Xylene,0
0.057,90,Potassium acetate,PPh3,p-Xylene,0.24
0.057,90,Potassium acetate,XPhos,p-Xylene,22.31
0.057,90,Potassium pivalate,BrettPhos,p-Xylene,38.68
0.057,90,Potassium pivalate,Di-tert-butylphenylphosphine,p-Xylene,0
0.057,90,Potassium pivalate,(t-Bu)PhCPhos,p-Xylene,19.77
0.057,90,Potassium pivalate,Tricyclohexylphosphine,p-Xylene,0
0.057,90,Potassium pivalate,PPh3,p-Xylene,0.04
0.057,90,Potassium pivalate,XPhos,p-Xylene,23.45
0.057,90,Cesium acetate,BrettPhos,p-Xylene,25.62
0.057,90,Cesium acetate,Di-tert-butylphenylphosphine,p-Xylene,0
0.057,90,Cesium acetate,(t-Bu)PhCPhos,p-Xylene,16.76
0.057,90,Cesium acetate,Tricyclohexylphosphine,p-Xylene,0
0.057,90,Cesium acetate,PPh3,p-Xylene,2.04
0.057,90,Cesium acetate,XPhos,p-Xylene,53.43
0.057,90,Cesium pivalate,BrettPhos,p-Xylene,21.8
0.057,90,Cesium pivalate,Di-tert-butylphenylphosphine,p-Xylene,0
0.057,90,Cesium pivalate,(t-Bu)PhCPhos,p-Xylene,25.31
0.057,90,Cesium pivalate,Tricyclohexylphosphine,p-Xylene,0
0.057,90,Cesium pivalate,PPh3,p-Xylene,0.01
0.057,90,Cesium pivalate,XPhos,p-Xylene,34.98
0.057,105,Potassium acetate,BrettPhos,DMAc,2.41
0.057,105,Potassium acetate,Di-tert-butylphenylphosphine,DMAc,0.12
0.057,105,Potassium acetate,(t-Bu)PhCPhos,DMAc,68.71
0.057,105,Potassium acetate,Tricyclohexylphosphine,DMAc,6.22
0.057,105,Potassium acetate,PPh3,DMAc,27.82
0.057,105,Potassium acetate,XPhos,DMAc,55.4
0.057,105,Potassium pivalate,BrettPhos,DMAc,0
0.057,105,Potassium pivalate,Di-tert-butylphenylphosphine,DMAc,0
0.057,105,Potassium pivalate,(t-Bu)PhCPhos,DMAc,18.42
0.057,105,Potassium pivalate,Tricyclohexylphosphine,DMAc,10.98
0.057,105,Potassium pivalate,PPh3,DMAc,63.61
0.057,105,Potassium pivalate,XPhos,DMAc,61
0.057,105,Cesium acetate,BrettPhos,DMAc,1.85
0.057,105,Cesium acetate,Di-tert-butylphenylphosphine,DMAc,0
0.057,105,Cesium acetate,(t-Bu)PhCPhos,DMAc,42.43
0.057,105,Cesium acetate,Tricyclohexylphosphine,DMAc,15.26
0.057,105,Cesium acetate,PPh3,DMAc,53.46
0.057,105,Cesium acetate,XPhos,DMAc,89.17
0.057,105,Cesium pivalate,BrettPhos,DMAc,0
0.057,105,Cesium pivalate,Di-tert-butylphenylphosphine,DMAc,0
0.057,105,Cesium pivalate,(t-Bu)PhCPhos,DMAc,7.33
0.057,105,Cesium pivalate,Tricyclohexylphosphine,DMAc,11.52
0.057,105,Cesium pivalate,PPh3,DMAc,59.68
0.057,105,Cesium pivalate,XPhos,DMAc,30.21
0.057,105,Potassium acetate,BrettPhos,Butyornitrile,6
0.057,105,Potassium acetate,Di-tert-butylphenylphosphine,Butyornitrile,0
0.057,105,Potassium acetate,(t-Bu)PhCPhos,Butyornitrile,6.57
0.057,105,Potassium acetate,Tricyclohexylphosphine,Butyornitrile,0
0.057,105,Potassium acetate,PPh3,Butyornitrile,6.77
0.057,105,Potassium acetate,XPhos,Butyornitrile,12.54
0.057,105,Potassium pivalate,BrettPhos,Butyornitrile,29.14
0.057,105,Potassium pivalate,Di-tert-butylphenylphosphine,Butyornitrile,0
0.057,105,Potassium pivalate,(t-Bu)PhCPhos,Butyornitrile,5.77
0.057,105,Potassium pivalate,Tricyclohexylphosphine,Butyornitrile,0.85
0.057,105,Potassium pivalate,PPh3,Butyornitrile,6.78
0.057,105,Potassium pivalate,XPhos,Butyornitrile,31.13
0.057,105,Cesium acetate,BrettPhos,Butyornitrile,45.11
0.057,105,Cesium acetate,Di-tert-butylphenylphosphine,Butyornitrile,0
0.057,105,Cesium acetate,(t-Bu)PhCPhos,Butyornitrile,5.6
0.057,105,Cesium acetate,Tricyclohexylphosphine,Butyornitrile,1.13
0.057,105,Cesium acetate,PPh3,Butyornitrile,9.16
0.057,105,Cesium acetate,XPhos,Butyornitrile,72.89
0.057,105,Cesium pivalate,BrettPhos,Butyornitrile,39.86
0.057,105,Cesium pivalate,Di-tert-butylphenylphosphine,Butyornitrile,0
0.057,105,Cesium pivalate,(t-Bu)PhCPhos,Butyornitrile,5.06
0.057,105,Cesium pivalate,Tricyclohexylphosphine,Butyornitrile,1.95
0.057,105,Cesium pivalate,PPh3,Butyornitrile,6.51
0.057,105,Cesium pivalate,XPhos,Butyornitrile,36.65
0.057,105,Potassium acetate,BrettPhos,Butyl Ester,16.39
0.057,105,Potassium acetate,Di-tert-butylphenylphosphine,Butyl Ester,0
0.057,105,Potassium acetate,(t-Bu)PhCPhos,Butyl Ester,2.85
0.057,105,Potassium acetate,Tricyclohexylphosphine,Butyl Ester,0
0.057,105,Potassium acetate,PPh3,Butyl Ester,1.94
0.057,105,Potassium acetate,XPhos,Butyl Ester,41.69
0.057,105,Potassium pivalate,BrettPhos,Butyl Ester,48.88
0.057,105,Potassium pivalate,Di-tert-butylphenylphosphine,Butyl Ester,0
0.057,105,Potassium pivalate,(t-Bu)PhCPhos,Butyl Ester,11.64
0.057,105,Potassium pivalate,Tricyclohexylphosphine,Butyl Ester,0
0.057,105,Potassium pivalate,PPh3,Butyl Ester,0.98
0.057,105,Potassium pivalate,XPhos,Butyl Ester,69.26
0.057,105,Cesium acetate,BrettPhos,Butyl Ester,27.71
0.057,105,Cesium acetate,Di-tert-butylphenylphosphine,Butyl Ester,0
0.057,105,Cesium acetate,(t-Bu)PhCPhos,Butyl Ester,10.39
0.057,105,Cesium acetate,Tricyclohexylphosphine,Butyl Ester,0
0.057,105,Cesium acetate,PPh3,Butyl Ester,2.72
0.057,105,Cesium acetate,XPhos,Butyl Ester,80.77
0.057,105,Cesium pivalate,BrettPhos,Butyl Ester,49.23
0.057,105,Cesium pivalate,Di-tert-butylphenylphosphine,Butyl Ester,0
0.057,105,Cesium pivalate,(t-Bu)PhCPhos,Butyl Ester,11.3
0.057,105,Cesium pivalate,Tricyclohexylphosphine,Butyl Ester,0
0.057,105,Cesium pivalate,PPh3,Butyl Ester,0.58
0.057,105,Cesium pivalate,XPhos,Butyl Ester,5.4
0.057,105,Potassium acetate,BrettPhos,p-Xylene,13.19
0.057,105,Potassium acetate,Di-tert-butylphenylphosphine,p-Xylene,0
0.057,105,Potassium acetate,(t-Bu)PhCPhos,p-Xylene,6.45
0.057,105,Potassium acetate,Tricyclohexylphosphine,p-Xylene,0
0.057,105,Potassium acetate,PPh3,p-Xylene,1.16
0.057,105,Potassium acetate,XPhos,p-Xylene,13.41
0.057,105,Potassium pivalate,BrettPhos,p-Xylene,29.85
0.057,105,Potassium pivalate,Di-tert-butylphenylphosphine,p-Xylene,0
0.057,105,Potassium pivalate,(t-Bu)PhCPhos,p-Xylene,21.43
0.057,105,Potassium pivalate,Tricyclohexylphosphine,p-Xylene,0
0.057,105,Potassium pivalate,PPh3,p-Xylene,0.48
0.057,105,Potassium pivalate,XPhos,p-Xylene,26.12
0.057,105,Cesium acetate,BrettPhos,p-Xylene,36.14
0.057,105,Cesium acetate,Di-tert-butylphenylphosphine,p-Xylene,0
0.057,105,Cesium acetate,(t-Bu)PhCPhos,p-Xylene,14.43
0.057,105,Cesium acetate,Tricyclohexylphosphine,p-Xylene,0
0.057,105,Cesium acetate,PPh3,p-Xylene,3.18
0.057,105,Cesium acetate,XPhos,p-Xylene,54.41
0.057,105,Cesium pivalate,BrettPhos,p-Xylene,23.53
0.057,105,Cesium pivalate,Di-tert-butylphenylphosphine,p-Xylene,0
0.057,105,Cesium pivalate,(t-Bu)PhCPhos,p-Xylene,23.1
0.057,105,Cesium pivalate,Tricyclohexylphosphine,p-Xylene,0
0.057,105,Cesium pivalate,PPh3,p-Xylene,0.44
0.057,105,Cesium pivalate,XPhos,p-Xylene,39.81
0.057,120,Potassium acetate,BrettPhos,DMAc,3.14
0.057,120,Potassium acetate,Di-tert-butylphenylphosphine,DMAc,2.13
0.057,120,Potassium acetate,(t-Bu)PhCPhos,DMAc,88.89
0.057,120,Potassium acetate,Tricyclohexylphosphine,DMAc,18.38
0.057,120,Potassium acetate,PPh3,DMAc,45.85
0.057,120,Potassium acetate,XPhos,DMAc,77.58
0.057,120,Potassium pivalate,BrettPhos,DMAc,0
0.057,120,Potassium pivalate,Di-tert-butylphenylphosphine,DMAc,2.82
0.057,120,Potassium pivalate,(t-Bu)PhCPhos,DMAc,55.96
0.057,120,Potassium pivalate,Tricyclohexylphosphine,DMAc,29.51
0.057,120,Potassium pivalate,PPh3,DMAc,91.27
0.057,120,Potassium pivalate,XPhos,DMAc,62.07
0.057,120,Cesium acetate,BrettPhos,DMAc,1.68
0.057,120,Cesium acetate,Di-tert-butylphenylphosphine,DMAc,1.62
0.057,120,Cesium acetate,(t-Bu)PhCPhos,DMAc,66.84
0.057,120,Cesium acetate,Tricyclohexylphosphine,DMAc,35.61
0.057,120,Cesium acetate,PPh3,DMAc,89.71
0.057,120,Cesium acetate,XPhos,DMAc,88.41
0.057,120,Cesium pivalate,BrettPhos,DMAc,0
0.057,120,Cesium pivalate,Di-tert-butylphenylphosphine,DMAc,0
0.057,120,Cesium pivalate,(t-Bu)PhCPhos,DMAc,14.24
0.057,120,Cesium pivalate,Tricyclohexylphosphine,DMAc,26.22
0.057,120,Cesium pivalate,PPh3,DMAc,84.64
0.057,120,Cesium pivalate,XPhos,DMAc,38.48
0.057,120,Potassium acetate,BrettPhos,Butyornitrile,17
0.057,120,Potassium acetate,Di-tert-butylphenylphosphine,Butyornitrile,0
0.057,120,Potassium acetate,(t-Bu)PhCPhos,Butyornitrile,8.52
0.057,120,Potassium acetate,Tricyclohexylphosphine,Butyornitrile,0.89
0.057,120,Potassium acetate,PPh3,Butyornitrile,11.5
0.057,120,Potassium acetate,XPhos,Butyornitrile,43.22
0.057,120,Potassium pivalate,BrettPhos,Butyornitrile,50.55
0.057,120,Potassium pivalate,Di-tert-butylphenylphosphine,Butyornitrile,0
0.057,120,Potassium pivalate,(t-Bu)PhCPhos,Butyornitrile,6.2
0.057,120,Potassium pivalate,Tricyclohexylphosphine,Butyornitrile,3.25
0.057,120,Potassium pivalate,PPh3,Butyornitrile,12.19
0.057,120,Potassium pivalate,XPhos,Butyornitrile,27.8
0.057,120,Cesium acetate,BrettPhos,Butyornitrile,54.26
0.057,120,Cesium acetate,Di-tert-butylphenylphosphine,Butyornitrile,0
0.057,120,Cesium acetate,(t-Bu)PhCPhos,Butyornitrile,7.42
0.057,120,Cesium acetate,Tricyclohexylphosphine,Butyornitrile,3.04
0.057,120,Cesium acetate,PPh3,Butyornitrile,11.19
0.057,120,Cesium acetate,XPhos,Butyornitrile,72.21
0.057,120,Cesium pivalate,BrettPhos,Butyornitrile,42.63
0.057,120,Cesium pivalate,Di-tert-butylphenylphosphine,Butyornitrile,0
0.057,120,Cesium pivalate,(t-Bu)PhCPhos,Butyornitrile,5.24
0.057,120,Cesium pivalate,Tricyclohexylphosphine,Butyornitrile,4.78
0.057,120,Cesium pivalate,PPh3,Butyornitrile,9.46
0.057,120,Cesium pivalate,XPhos,Butyornitrile,31.51
0.057,120,Potassium acetate,BrettPhos,Butyl Ester,27.16
0.057,120,Potassium acetate,Di-tert-butylphenylphosphine,Butyl Ester,0
0.057,120,Potassium acetate,(t-Bu)PhCPhos,Butyl Ester,6.22
0.057,120,Potassium acetate,Tricyclohexylphosphine,Butyl Ester,0
0.057,120,Potassium acetate,PPh3,Butyl Ester,5.67
0.057,120,Potassium acetate,XPhos,Butyl Ester,61.86
0.057,120,Potassium pivalate,BrettPhos,Butyl Ester,66.9
0.057,120,Potassium pivalate,Di-tert-butylphenylphosphine,Butyl Ester,0
0.057,120,Potassium pivalate,(t-Bu)PhCPhos,Butyl Ester,3.88
0.057,120,Potassium pivalate,Tricyclohexylphosphine,Butyl Ester,0
0.057,120,Potassium pivalate,PPh3,Butyl Ester,3.07
0.057,120,Potassium pivalate,XPhos,Butyl Ester,21.74
0.057,120,Cesium acetate,BrettPhos,Butyl Ester,30.02
0.057,120,Cesium acetate,Di-tert-butylphenylphosphine,Butyl Ester,0
0.057,120,Cesium acetate,(t-Bu)PhCPhos,Butyl Ester,4.85
0.057,120,Cesium acetate,Tricyclohexylphosphine,Butyl Ester,0
0.057,120,Cesium acetate,PPh3,Butyl Ester,3.51
0.057,120,Cesium acetate,XPhos,Butyl Ester,7.02
0.057,120,Cesium pivalate,BrettPhos,Butyl Ester,33.65
0.057,120,Cesium pivalate,Di-tert-butylphenylphosphine,Butyl Ester,0
0.057,120,Cesium pivalate,(t-Bu)PhCPhos,Butyl Ester,8.24
0.057,120,Cesium pivalate,Tricyclohexylphosphine,Butyl Ester,0
0.057,120,Cesium pivalate,PPh3,Butyl Ester,2.35
0.057,120,Cesium pivalate,XPhos,Butyl Ester,22.87
0.057,120,Potassium acetate,BrettPhos,p-Xylene,8.69
0.057,120,Potassium acetate,Di-tert-butylphenylphosphine,p-Xylene,0
0.057,120,Potassium acetate,(t-Bu)PhCPhos,p-Xylene,0.15
0.057,120,Potassium acetate,Tricyclohexylphosphine,p-Xylene,0
0.057,120,Potassium acetate,PPh3,p-Xylene,2.59
0.057,120,Potassium acetate,XPhos,p-Xylene,45.62
0.057,120,Potassium pivalate,BrettPhos,p-Xylene,43.05
0.057,120,Potassium pivalate,Di-tert-butylphenylphosphine,p-Xylene,0
0.057,120,Potassium pivalate,(t-Bu)PhCPhos,p-Xylene,18.22
0.057,120,Potassium pivalate,Tricyclohexylphosphine,p-Xylene,0
0.057,120,Potassium pivalate,PPh3,p-Xylene,2.44
0.057,120,Potassium pivalate,XPhos,p-Xylene,26.97
0.057,120,Cesium acetate,BrettPhos,p-Xylene,38.44
0.057,120,Cesium acetate,Di-tert-butylphenylphosphine,p-Xylene,0
0.057,120,Cesium acetate,(t-Bu)PhCPhos,p-Xylene,15.98
0.057,120,Cesium acetate,Tricyclohexylphosphine,p-Xylene,0
0.057,120,Cesium acetate,PPh3,p-Xylene,6.18
0.057,120,Cesium acetate,XPhos,p-Xylene,54.52
0.057,120,Cesium pivalate,BrettPhos,p-Xylene,26.52
0.057,120,Cesium pivalate,Di-tert-butylphenylphosphine,p-Xylene,0
0.057,120,Cesium pivalate,(t-Bu)PhCPhos,p-Xylene,20.07
0.057,120,Cesium pivalate,Tricyclohexylphosphine,p-Xylene,0
0.057,120,Cesium pivalate,PPh3,p-Xylene,1.76
0.057,120,Cesium pivalate,XPhos,p-Xylene,39.32
0.153,90,Potassium acetate,BrettPhos,DMAc,5.75
0.153,90,Potassium acetate,Di-tert-butylphenylphosphine,DMAc,0
0.153,90,Potassium acetate,(t-Bu)PhCPhos,DMAc,37.38
0.153,90,Potassium acetate,Tricyclohexylphosphine,DMAc,0.41
0.153,90,Potassium acetate,PPh3,DMAc,11.68
0.153,90,Potassium acetate,XPhos,DMAc,38.79
0.153,90,Potassium pivalate,BrettPhos,DMAc,0.66
0.153,90,Potassium pivalate,Di-tert-butylphenylphosphine,DMAc,0
0.153,90,Potassium pivalate,(t-Bu)PhCPhos,DMAc,8.5
0.153,90,Potassium pivalate,Tricyclohexylphosphine,DMAc,2.52
0.153,90,Potassium pivalate,PPh3,DMAc,38.79
0.153,90,Potassium pivalate,XPhos,DMAc,60.68
0.153,90,Cesium acetate,BrettPhos,DMAc,6.26
0.153,90,Cesium acetate,Di-tert-butylphenylphosphine,DMAc,0
0.153,90,Cesium acetate,(t-Bu)PhCPhos,DMAc,12.44
0.153,90,Cesium acetate,Tricyclohexylphosphine,DMAc,2.53
0.153,90,Cesium acetate,PPh3,DMAc,31.85
0.153,90,Cesium acetate,XPhos,DMAc,86.14
0.153,90,Cesium pivalate,BrettPhos,DMAc,0
0.153,90,Cesium pivalate,Di-tert-butylphenylphosphine,DMAc,0
0.153,90,Cesium pivalate,(t-Bu)PhCPhos,DMAc,3.55
0.153,90,Cesium pivalate,Tricyclohexylphosphine,DMAc,2.53
0.153,90,Cesium pivalate,PPh3,DMAc,28.53
0.153,90,Cesium pivalate,XPhos,DMAc,27.79
0.153,90,Potassium acetate,BrettPhos,Butyornitrile,12.07
0.153,90,Potassium acetate,Di-tert-butylphenylphosphine,Butyornitrile,0
0.153,90,Potassium acetate,(t-Bu)PhCPhos,Butyornitrile,4.97
0.153,90,Potassium acetate,Tricyclohexylphosphine,Butyornitrile,0
0.153,90,Potassium acetate,PPh3,Butyornitrile,2.66
0.153,90,Potassium acetate,XPhos,Butyornitrile,32.5
0.153,90,Potassium pivalate,BrettPhos,Butyornitrile,13.31
0.153,90,Potassium pivalate,Di-tert-butylphenylphosphine,Butyornitrile,0
0.153,90,Potassium pivalate,(t-Bu)PhCPhos,Butyornitrile,5.65
0.153,90,Potassium pivalate,Tricyclohexylphosphine,Butyornitrile,0
0.153,90,Potassium pivalate,PPh3,Butyornitrile,0.85
0.153,90,Potassium pivalate,XPhos,Butyornitrile,33.95
0.153,90,Cesium acetate,BrettPhos,Butyornitrile,28.02
0.153,90,Cesium acetate,Di-tert-butylphenylphosphine,Butyornitrile,0
0.153,90,Cesium acetate,(t-Bu)PhCPhos,Butyornitrile,0
0.153,90,Cesium acetate,Tricyclohexylphosphine,Butyornitrile,0
0.153,90,Cesium acetate,PPh3,Butyornitrile,0
0.153,90,Cesium acetate,XPhos,Butyornitrile,0
0.153,90,Cesium pivalate,BrettPhos,Butyornitrile,54.55
0.153,90,Cesium pivalate,Di-tert-butylphenylphosphine,Butyornitrile,0
0.153,90,Cesium pivalate,(t-Bu)PhCPhos,Butyornitrile,8.95
0.153,90,Cesium pivalate,Tricyclohexylphosphine,Butyornitrile,0
0.153,90,Cesium pivalate,PPh3,Butyornitrile,2.53
0.153,90,Cesium pivalate,XPhos,Butyornitrile,75.4
0.153,90,Potassium acetate,BrettPhos,Butyl Ester,15.36
0.153,90,Potassium acetate,Di-tert-butylphenylphosphine,Butyl Ester,0
0.153,90,Potassium acetate,(t-Bu)PhCPhos,Butyl Ester,3.68
0.153,90,Potassium acetate,Tricyclohexylphosphine,Butyl Ester,0
0.153,90,Potassium acetate,PPh3,Butyl Ester,1.39
0.153,90,Potassium acetate,XPhos,Butyl Ester,25.35
0.153,90,Potassium pivalate,BrettPhos,Butyl Ester,42.48
0.153,90,Potassium pivalate,Di-tert-butylphenylphosphine,Butyl Ester,0
0.153,90,Potassium pivalate,(t-Bu)PhCPhos,Butyl Ester,11.24
0.153,90,Potassium pivalate,Tricyclohexylphosphine,Butyl Ester,0
0.153,90,Potassium pivalate,PPh3,Butyl Ester,2.58
0.153,90,Potassium pivalate,XPhos,Butyl Ester,32.68
0.153,90,Cesium acetate,BrettPhos,Butyl Ester,17.16
0.153,90,Cesium acetate,Di-tert-butylphenylphosphine,Butyl Ester,0
0.153,90,Cesium acetate,(t-Bu)PhCPhos,Butyl Ester,7.74
0.153,90,Cesium acetate,Tricyclohexylphosphine,Butyl Ester,0
0.153,90,Cesium acetate,PPh3,Butyl Ester,0.81
0.153,90,Cesium acetate,XPhos,Butyl Ester,82.21
0.153,90,Cesium pivalate,BrettPhos,Butyl Ester,21.5
0.153,90,Cesium pivalate,Di-tert-butylphenylphosphine,Butyl Ester,0
0.153,90,Cesium pivalate,(t-Bu)PhCPhos,Butyl Ester,8.72
0.153,90,Cesium pivalate,Tricyclohexylphosphine,Butyl Ester,0
0.153,90,Cesium pivalate,PPh3,Butyl Ester,0.6
0.153,90,Cesium pivalate,XPhos,Butyl Ester,46.57
0.153,90,Potassium acetate,BrettPhos,p-Xylene,13.85
0.153,90,Potassium acetate,Di-tert-butylphenylphosphine,p-Xylene,0
0.153,90,Potassium acetate,(t-Bu)PhCPhos,p-Xylene,9.79
0.153,90,Potassium acetate,Tricyclohexylphosphine,p-Xylene,0
0.153,90,Potassium acetate,PPh3,p-Xylene,0.78
0.153,90,Potassium acetate,XPhos,p-Xylene,28.36
0.153,90,Potassium pivalate,BrettPhos,p-Xylene,38.45
0.153,90,Potassium pivalate,Di-tert-butylphenylphosphine,p-Xylene,0
0.153,90,Potassium pivalate,(t-Bu)PhCPhos,p-Xylene,24.02
0.153,90,Potassium pivalate,Tricyclohexylphosphine,p-Xylene,0
0.153,90,Potassium pivalate,PPh3,p-Xylene,1.58
0.153,90,Potassium pivalate,XPhos,p-Xylene,31.55
0.153,90,Cesium acetate,BrettPhos,p-Xylene,41.03
0.153,90,Cesium acetate,Di-tert-butylphenylphosphine,p-Xylene,0
0.153,90,Cesium acetate,(t-Bu)PhCPhos,p-Xylene,17.53
0.153,90,Cesium acetate,Tricyclohexylphosphine,p-Xylene,0
0.153,90,Cesium acetate,PPh3,p-Xylene,5.38
0.153,90,Cesium acetate,XPhos,p-Xylene,66.03
0.153,90,Cesium pivalate,BrettPhos,p-Xylene,23.57
0.153,90,Cesium pivalate,Di-tert-butylphenylphosphine,p-Xylene,0
0.153,90,Cesium pivalate,(t-Bu)PhCPhos,p-Xylene,25.67
0.153,90,Cesium pivalate,Tricyclohexylphosphine,p-Xylene,0
0.153,90,Cesium pivalate,PPh3,p-Xylene,0.25
0.153,90,Cesium pivalate,XPhos,p-Xylene,44.28
0.153,105,Potassium acetate,BrettPhos,DMAc,5.49
0.153,105,Potassium acetate,Di-tert-butylphenylphosphine,DMAc,0
0.153,105,Potassium acetate,(t-Bu)PhCPhos,DMAc,57.33
0.153,105,Potassium acetate,Tricyclohexylphosphine,DMAc,5.25
0.153,105,Potassium acetate,PPh3,DMAc,30.44
0.153,105,Potassium acetate,XPhos,DMAc,48.86
0.153,105,Potassium pivalate,BrettPhos,DMAc,0.74
0.153,105,Potassium pivalate,Di-tert-butylphenylphosphine,DMAc,0
0.153,105,Potassium pivalate,(t-Bu)PhCPhos,DMAc,24.8
0.153,105,Potassium pivalate,Tricyclohexylphosphine,DMAc,12.78
0.153,105,Potassium pivalate,PPh3,DMAc,71.11
0.153,105,Potassium pivalate,XPhos,DMAc,82.28
0.153,105,Cesium acetate,BrettPhos,DMAc,7.34
0.153,105,Cesium acetate,Di-tert-butylphenylphosphine,DMAc,0
0.153,105,Cesium acetate,(t-Bu)PhCPhos,DMAc,20.73
0.153,105,Cesium acetate,Tricyclohexylphosphine,DMAc,10.25
0.153,105,Cesium acetate,PPh3,DMAc,66.27
0.153,105,Cesium acetate,XPhos,DMAc,84.48
0.153,105,Cesium pivalate,BrettPhos,DMAc,0
0.153,105,Cesium pivalate,Di-tert-butylphenylphosphine,DMAc,0
0.153,105,Cesium pivalate,(t-Bu)PhCPhos,DMAc,6.54
0.153,105,Cesium pivalate,Tricyclohexylphosphine,DMAc,9.07
0.153,105,Cesium pivalate,PPh3,DMAc,45.28
0.153,105,Cesium pivalate,XPhos,DMAc,40.06
0.153,105,Potassium acetate,BrettPhos,Butyornitrile,22.3
0.153,105,Potassium acetate,Di-tert-butylphenylphosphine,Butyornitrile,0
0.153,105,Potassium acetate,(t-Bu)PhCPhos,Butyornitrile,6.88
0.153,105,Potassium acetate,Tricyclohexylphosphine,Butyornitrile,0
0.153,105,Potassium acetate,PPh3,Butyornitrile,6.67
0.153,105,Potassium acetate,XPhos,Butyornitrile,75.39
0.153,105,Potassium pivalate,BrettPhos,Butyornitrile,58.95
0.153,105,Potassium pivalate,Di-tert-butylphenylphosphine,Butyornitrile,0
0.153,105,Potassium pivalate,(t-Bu)PhCPhos,Butyornitrile,10.05
0.153,105,Potassium pivalate,Tricyclohexylphosphine,Butyornitrile,1.37
0.153,105,Potassium pivalate,PPh3,Butyornitrile,7.88
0.153,105,Potassium pivalate,XPhos,Butyornitrile,73.33
0.153,105,Cesium acetate,BrettPhos,Butyornitrile,73.08
0.153,105,Cesium acetate,Di-tert-butylphenylphosphine,Butyornitrile,0
0.153,105,Cesium acetate,(t-Bu)PhCPhos,Butyornitrile,6.4
0.153,105,Cesium acetate,Tricyclohexylphosphine,Butyornitrile,2.15
0.153,105,Cesium acetate,PPh3,Butyornitrile,5.55
0.153,105,Cesium acetate,XPhos,Butyornitrile,84.62
0.153,105,Cesium pivalate,BrettPhos,Butyornitrile,56.5
0.153,105,Cesium pivalate,Di-tert-butylphenylphosphine,Butyornitrile,0
0.153,105,Cesium pivalate,(t-Bu)PhCPhos,Butyornitrile,8.84
0.153,105,Cesium pivalate,Tricyclohexylphosphine,Butyornitrile,2.01
0.153,105,Cesium pivalate,PPh3,Butyornitrile,4.1
0.153,105,Cesium pivalate,XPhos,Butyornitrile,79.76
0.153,105,Potassium acetate,BrettPhos,Butyl Ester,17.26
0.153,105,Potassium acetate,Di-tert-butylphenylphosphine,Butyl Ester,0
0.153,105,Potassium acetate,(t-Bu)PhCPhos,Butyl Ester,0
0.153,105,Potassium acetate,Tricyclohexylphosphine,Butyl Ester,0
0.153,105,Potassium acetate,PPh3,Butyl Ester,4.51
0.153,105,Potassium acetate,XPhos,Butyl Ester,53.49
0.153,105,Potassium pivalate,BrettPhos,Butyl Ester,33.97
0.153,105,Potassium pivalate,Di-tert-butylphenylphosphine,Butyl Ester,0
0.153,105,Potassium pivalate,(t-Bu)PhCPhos,Butyl Ester,0
0.153,105,Potassium pivalate,Tricyclohexylphosphine,Butyl Ester,0
0.153,105,Potassium pivalate,PPh3,Butyl Ester,2.95
0.153,105,Potassium pivalate,XPhos,Butyl Ester,44.48
0.153,105,Cesium acetate,BrettPhos,Butyl Ester,20.35
0.153,105,Cesium acetate,Di-tert-butylphenylphosphine,Butyl Ester,0
0.153,105,Cesium acetate,(t-Bu)PhCPhos,Butyl Ester,0
0.153,105,Cesium acetate,Tricyclohexylphosphine,Butyl Ester,0
0.153,105,Cesium acetate,PPh3,Butyl Ester,4.2
0.153,105,Cesium acetate,XPhos,Butyl Ester,81.66
0.153,105,Cesium pivalate,BrettPhos,Butyl Ester,24.56
0.153,105,Cesium pivalate,Di-tert-butylphenylphosphine,Butyl Ester,0
0.153,105,Cesium pivalate,(t-Bu)PhCPhos,Butyl Ester,0
0.153,105,Cesium pivalate,Tricyclohexylphosphine,Butyl Ester,0
0.153,105,Cesium pivalate,PPh3,Butyl Ester,1.94
0.153,105,Cesium pivalate,XPhos,Butyl Ester,5.53
0.153,105,Potassium acetate,BrettPhos,p-Xylene,16.87
0.153,105,Potassium acetate,Di-tert-butylphenylphosphine,p-Xylene,0
0.153,105,Potassium acetate,(t-Bu)PhCPhos,p-Xylene,8.3
0.153,105,Potassium acetate,Tricyclohexylphosphine,p-Xylene,0
0.153,105,Potassium acetate,PPh3,p-Xylene,3.57
0.153,105,Potassium acetate,XPhos,p-Xylene,39.32
0.153,105,Potassium pivalate,BrettPhos,p-Xylene,40.76
0.153,105,Potassium pivalate,Di-tert-butylphenylphosphine,p-Xylene,0
0.153,105,Potassium pivalate,(t-Bu)PhCPhos,p-Xylene,47.33
0.153,105,Potassium pivalate,Tricyclohexylphosphine,p-Xylene,0
0.153,105,Potassium pivalate,PPh3,p-Xylene,6.42
0.153,105,Potassium pivalate,XPhos,p-Xylene,34.45
0.153,105,Cesium acetate,BrettPhos,p-Xylene,44.16
0.153,105,Cesium acetate,Di-tert-butylphenylphosphine,p-Xylene,0
0.153,105,Cesium acetate,(t-Bu)PhCPhos,p-Xylene,20.31
0.153,105,Cesium acetate,Tricyclohexylphosphine,p-Xylene,0.28
0.153,105,Cesium acetate,PPh3,p-Xylene,13.71
0.153,105,Cesium acetate,XPhos,p-Xylene,76.63
0.153,105,Cesium pivalate,BrettPhos,p-Xylene,24.76
0.153,105,Cesium pivalate,Di-tert-butylphenylphosphine,p-Xylene,0
0.153,105,Cesium pivalate,(t-Bu)PhCPhos,p-Xylene,29.56
0.153,105,Cesium pivalate,Tricyclohexylphosphine,p-Xylene,0
0.153,105,Cesium pivalate,PPh3,p-Xylene,2.11
0.153,105,Cesium pivalate,XPhos,p-Xylene,73.93
0.153,120,Potassium acetate,BrettPhos,DMAc,5.95
0.153,120,Potassium acetate,Di-tert-butylphenylphosphine,DMAc,4.3
0.153,120,Potassium acetate,(t-Bu)PhCPhos,DMAc,76.59
0.153,120,Potassium acetate,Tricyclohexylphosphine,DMAc,11.91
0.153,120,Potassium acetate,PPh3,DMAc,51.83
0.153,120,Potassium acetate,XPhos,DMAc,84.67
0.153,120,Potassium pivalate,BrettPhos,DMAc,0.89
0.153,120,Potassium pivalate,Di-tert-butylphenylphosphine,DMAc,0
0.153,120,Potassium pivalate,(t-Bu)PhCPhos,DMAc,45.01
0.153,120,Potassium pivalate,Tricyclohexylphosphine,DMAc,24.11
0.153,120,Potassium pivalate,PPh3,DMAc,79.1
0.153,120,Potassium pivalate,XPhos,DMAc,80.39
0.153,120,Cesium acetate,BrettPhos,DMAc,7.43
0.153,120,Cesium acetate,Di-tert-butylphenylphosphine,DMAc,0.51
0.153,120,Cesium acetate,(t-Bu)PhCPhos,DMAc,32.21
0.153,120,Cesium acetate,Tricyclohexylphosphine,DMAc,18.61
0.153,120,Cesium acetate,PPh3,DMAc,78.19
0.153,120,Cesium acetate,XPhos,DMAc,84.49
0.153,120,Cesium pivalate,BrettPhos,DMAc,0
0.153,120,Cesium pivalate,Di-tert-butylphenylphosphine,DMAc,0
0.153,120,Cesium pivalate,(t-Bu)PhCPhos,DMAc,9.96
0.153,120,Cesium pivalate,Tricyclohexylphosphine,DMAc,13.88
0.153,120,Cesium pivalate,PPh3,DMAc,58.4
0.153,120,Cesium pivalate,XPhos,DMAc,48.34
0.153,120,Potassium acetate,BrettPhos,Butyornitrile,25.77
0.153,120,Potassium acetate,Di-tert-butylphenylphosphine,Butyornitrile,0
0.153,120,Potassium acetate,(t-Bu)PhCPhos,Butyornitrile,7.65
0.153,120,Potassium acetate,Tricyclohexylphosphine,Butyornitrile,0.74
0.153,120,Potassium acetate,PPh3,Butyornitrile,12.34
0.153,120,Potassium acetate,XPhos,Butyornitrile,78.6
0.153,120,Potassium pivalate,BrettPhos,Butyornitrile,58.48
0.153,120,Potassium pivalate,Di-tert-butylphenylphosphine,Butyornitrile,0
0.153,120,Potassium pivalate,(t-Bu)PhCPhos,Butyornitrile,9.61
0.153,120,Potassium pivalate,Tricyclohexylphosphine,Butyornitrile,2.77
0.153,120,Potassium pivalate,PPh3,Butyornitrile,15.64
0.153,120,Potassium pivalate,XPhos,Butyornitrile,71.43
0.153,120,Cesium acetate,BrettPhos,Butyornitrile,69.03
0.153,120,Cesium acetate,Di-tert-butylphenylphosphine,Butyornitrile,0
0.153,120,Cesium acetate,(t-Bu)PhCPhos,Butyornitrile,8.82
0.153,120,Cesium acetate,Tricyclohexylphosphine,Butyornitrile,1.89
0.153,120,Cesium acetate,PPh3,Butyornitrile,19.64
0.153,120,Cesium acetate,XPhos,Butyornitrile,77.01
0.153,120,Cesium pivalate,BrettPhos,Butyornitrile,53.81
0.153,120,Cesium pivalate,Di-tert-butylphenylphosphine,Butyornitrile,0
0.153,120,Cesium pivalate,(t-Bu)PhCPhos,Butyornitrile,7.54
0.153,120,Cesium pivalate,Tricyclohexylphosphine,Butyornitrile,3.33
0.153,120,Cesium pivalate,PPh3,Butyornitrile,6.1
0.153,120,Cesium pivalate,XPhos,Butyornitrile,78.44
0.153,120,Potassium acetate,BrettPhos,Butyl Ester,18.26
0.153,120,Potassium acetate,Di-tert-butylphenylphosphine,Butyl Ester,0
0.153,120,Potassium acetate,(t-Bu)PhCPhos,Butyl Ester,0
0.153,120,Potassium acetate,Tricyclohexylphosphine,Butyl Ester,0
0.153,120,Potassium acetate,PPh3,Butyl Ester,4.86
0.153,120,Potassium acetate,XPhos,Butyl Ester,76.24
0.153,120,Potassium pivalate,BrettPhos,Butyl Ester,36.18
0.153,120,Potassium pivalate,Di-tert-butylphenylphosphine,Butyl Ester,0
0.153,120,Potassium pivalate,(t-Bu)PhCPhos,Butyl Ester,14.01
0.153,120,Potassium pivalate,Tricyclohexylphosphine,Butyl Ester,0
0.153,120,Potassium pivalate,PPh3,Butyl Ester,4.33
0.153,120,Potassium pivalate,XPhos,Butyl Ester,48.91
0.153,120,Cesium acetate,BrettPhos,Butyl Ester,20.6
0.153,120,Cesium acetate,Di-tert-butylphenylphosphine,Butyl Ester,0
0.153,120,Cesium acetate,(t-Bu)PhCPhos,Butyl Ester,0
0.153,120,Cesium acetate,Tricyclohexylphosphine,Butyl Ester,0
0.153,120,Cesium acetate,PPh3,Butyl Ester,14.26
0.153,120,Cesium acetate,XPhos,Butyl Ester,6.23
0.153,120,Cesium pivalate,BrettPhos,Butyl Ester,25.67
0.153,120,Cesium pivalate,Di-tert-butylphenylphosphine,Butyl Ester,0
0.153,120,Cesium pivalate,(t-Bu)PhCPhos,Butyl Ester,0
0.153,120,Cesium pivalate,Tricyclohexylphosphine,Butyl Ester,0
0.153,120,Cesium pivalate,PPh3,Butyl Ester,2.81
0.153,120,Cesium pivalate,XPhos,Butyl Ester,59.05
0.153,120,Potassium acetate,BrettPhos,p-Xylene,18.89
0.153,120,Potassium acetate,Di-tert-butylphenylphosphine,p-Xylene,0
0.153,120,Potassium acetate,(t-Bu)PhCPhos,p-Xylene,8.61
0.153,120,Potassium acetate,Tricyclohexylphosphine,p-Xylene,0
0.153,120,Potassium acetate,PPh3,p-Xylene,5.22
0.153,120,Potassium acetate,XPhos,p-Xylene,61.67
0.153,120,Potassium pivalate,BrettPhos,p-Xylene,49.57
0.153,120,Potassium pivalate,Di-tert-butylphenylphosphine,p-Xylene,0
0.153,120,Potassium pivalate,(t-Bu)PhCPhos,p-Xylene,29.39
0.153,120,Potassium pivalate,Tricyclohexylphosphine,p-Xylene,0
0.153,120,Potassium pivalate,PPh3,p-Xylene,7.54
0.153,120,Potassium pivalate,XPhos,p-Xylene,62.15
0.153,120,Cesium acetate,BrettPhos,p-Xylene,43.9
0.153,120,Cesium acetate,Di-tert-butylphenylphosphine,p-Xylene,0
0.153,120,Cesium acetate,(t-Bu)PhCPhos,p-Xylene,22.08
0.153,120,Cesium acetate,Tricyclohexylphosphine,p-Xylene,1.12
0.153,120,Cesium acetate,PPh3,p-Xylene,11.83
0.153,120,Cesium acetate,XPhos,p-Xylene,70.8
0.153,120,Cesium pivalate,BrettPhos,p-Xylene,26.29
0.153,120,Cesium pivalate,Di-tert-butylphenylphosphine,p-Xylene,0
0.153,120,Cesium pivalate,(t-Bu)PhCPhos,p-Xylene,29.96
0.153,120,Cesium pivalate,Tricyclohexylphosphine,p-Xylene,0.83
0.153,120,Cesium pivalate,PPh3,p-Xylene,4.26
0.153,120,Cesium pivalate,XPhos,p-Xylene,68.31
0.1,90,Potassium acetate,P(2-furyl)3,DMAc,9.59
0.1,90,Potassium acetate,Methyldiphenylphosphine,DMAc,1.06
0.1,90,Potassium acetate,1268824-69-6,DMAc,4.85
0.1,90,Potassium acetate,JackiePhos,DMAc,45.87
0.1,90,Potassium acetate,SCHEMBL15068049,DMAc,13.19
0.1,90,Potassium acetate,Me2PPh,DMAc,0
0.1,90,Potassium pivalate,P(2-furyl)3,DMAc,26.29
0.1,90,Potassium pivalate,Methyldiphenylphosphine,DMAc,0
0.1,90,Potassium pivalate,1268824-69-6,DMAc,10.34
0.1,90,Potassium pivalate,JackiePhos,DMAc,3.51
0.1,90,Potassium pivalate,SCHEMBL15068049,DMAc,55.7
0.1,90,Potassium pivalate,Me2PPh,DMAc,0
0.1,90,Cesium acetate,P(2-furyl)3,DMAc,17.98
0.1,90,Cesium acetate,Methyldiphenylphosphine,DMAc,0
0.1,90,Cesium acetate,1268824-69-6,DMAc,6.93
0.1,90,Cesium acetate,JackiePhos,DMAc,16.92
0.1,90,Cesium acetate,SCHEMBL15068049,DMAc,39.55
0.1,90,Cesium acetate,Me2PPh,DMAc,0
0.1,90,Cesium pivalate,P(2-furyl)3,DMAc,21.46
0.1,90,Cesium pivalate,Methyldiphenylphosphine,DMAc,0
0.1,90,Cesium pivalate,1268824-69-6,DMAc,13.78
0.1,90,Cesium pivalate,JackiePhos,DMAc,1.26
0.1,90,Cesium pivalate,SCHEMBL15068049,DMAc,75.28
0.1,90,Cesium pivalate,Me2PPh,DMAc,0
0.1,90,Potassium acetate,P(2-furyl)3,Butyornitrile,2.55
0.1,90,Potassium acetate,Methyldiphenylphosphine,Butyornitrile,0
0.1,90,Potassium acetate,1268824-69-6,Butyornitrile,3.89
0.1,90,Potassium acetate,JackiePhos,Butyornitrile,19.97
0.1,90,Potassium acetate,SCHEMBL15068049,Butyornitrile,16.04
0.1,90,Potassium acetate,Me2PPh,Butyornitrile,0
0.1,90,Potassium pivalate,P(2-furyl)3,Butyornitrile,26.88
0.1,90,Potassium pivalate,Methyldiphenylphosphine,Butyornitrile,0
0.1,90,Potassium pivalate,1268824-69-6,Butyornitrile,0
0.1,90,Potassium pivalate,JackiePhos,Butyornitrile,0
0.1,90,Potassium pivalate,SCHEMBL15068049,Butyornitrile,57.18
0.1,90,Potassium pivalate,Me2PPh,Butyornitrile,0
0.1,90,Cesium acetate,P(2-furyl)3,Butyornitrile,26.28
0.1,90,Cesium acetate,Methyldiphenylphosphine,Butyornitrile,0
0.1,90,Cesium acetate,1268824-69-6,Butyornitrile,18.59
0.1,90,Cesium acetate,JackiePhos,Butyornitrile,32.14
0.1,90,Cesium acetate,SCHEMBL15068049,Butyornitrile,57.95
0.1,90,Cesium acetate,Me2PPh,Butyornitrile,0
0.1,90,Cesium pivalate,P(2-furyl)3,Butyornitrile,31.38
0.1,90,Cesium pivalate,Methyldiphenylphosphine,Butyornitrile,0
0.1,90,Cesium pivalate,1268824-69-6,Butyornitrile,24.25
0.1,90,Cesium pivalate,JackiePhos,Butyornitrile,13.01
0.1,90,Cesium pivalate,SCHEMBL15068049,Butyornitrile,37.4
0.1,90,Cesium pivalate,Me2PPh,Butyornitrile,0
0.1,90,Potassium acetate,P(2-furyl)3,Butyl Ester,5.5
0.1,90,Potassium acetate,Methyldiphenylphosphine,Butyl Ester,0
0.1,90,Potassium acetate,1268824-69-6,Butyl Ester,0.79
0.1,90,Potassium acetate,JackiePhos,Butyl Ester,4.43
0.1,90,Potassium acetate,SCHEMBL15068049,Butyl Ester,14.83
0.1,90,Potassium acetate,Me2PPh,Butyl Ester,0
0.1,90,Potassium pivalate,P(2-furyl)3,Butyl Ester,25
0.1,90,Potassium pivalate,Methyldiphenylphosphine,Butyl Ester,0
0.1,90,Potassium pivalate,1268824-69-6,Butyl Ester,8.16
0.1,90,Potassium pivalate,JackiePhos,Butyl Ester,0
0.1,90,Potassium pivalate,SCHEMBL15068049,Butyl Ester,21.51
0.1,90,Potassium pivalate,Me2PPh,Butyl Ester,0
0.1,90,Cesium acetate,P(2-furyl)3,Butyl Ester,16.28
0.1,90,Cesium acetate,Methyldiphenylphosphine,Butyl Ester,0
0.1,90,Cesium acetate,1268824-69-6,Butyl Ester,2.67
0.1,90,Cesium acetate,JackiePhos,Butyl Ester,2.69
0.1,90,Cesium acetate,SCHEMBL15068049,Butyl Ester,24.59
0.1,90,Cesium acetate,Me2PPh,Butyl Ester,0
0.1,90,Cesium pivalate,P(2-furyl)3,Butyl Ester,14.58
0.1,90,Cesium pivalate,Methyldiphenylphosphine,Butyl Ester,0
0.1,90,Cesium pivalate,1268824-69-6,Butyl Ester,8.88
0.1,90,Cesium pivalate,JackiePhos,Butyl Ester,2.21
0.1,90,Cesium pivalate,SCHEMBL15068049,Butyl Ester,17.93
0.1,90,Cesium pivalate,Me2PPh,Butyl Ester,0
0.1,90,Potassium acetate,P(2-furyl)3,p-Xylene,3.63
0.1,90,Potassium acetate,Methyldiphenylphosphine,p-Xylene,0
0.1,90,Potassium acetate,1268824-69-6,p-Xylene,0.7
0.1,90,Potassium acetate,JackiePhos,p-Xylene,4.95
0.1,90,Potassium acetate,SCHEMBL15068049,p-Xylene,11.95
0.1,90,Potassium acetate,Me2PPh,p-Xylene,0
0.1,90,Potassium pivalate,P(2-furyl)3,p-Xylene,20.46
0.1,90,Potassium pivalate,Methyldiphenylphosphine,p-Xylene,0
0.1,90,Potassium pivalate,1268824-69-6,p-Xylene,4.73
0.1,90,Potassium pivalate,JackiePhos,p-Xylene,8.98
0.1,90,Potassium pivalate,SCHEMBL15068049,p-Xylene,18.9
0.1,90,Potassium pivalate,Me2PPh,p-Xylene,0
0.1,90,Cesium acetate,P(2-furyl)3,p-Xylene,20.22
0.1,90,Cesium acetate,Methyldiphenylphosphine,p-Xylene,0
0.1,90,Cesium acetate,1268824-69-6,p-Xylene,3.17
0.1,90,Cesium acetate,JackiePhos,p-Xylene,5.5
0.1,90,Cesium acetate,SCHEMBL15068049,p-Xylene,23.05
0.1,90,Cesium acetate,Me2PPh,p-Xylene,0
0.1,90,Cesium pivalate,P(2-furyl)3,p-Xylene,9.6
0.1,90,Cesium pivalate,Methyldiphenylphosphine,p-Xylene,0
0.1,90,Cesium pivalate,1268824-69-6,p-Xylene,2.99
0.1,90,Cesium pivalate,JackiePhos,p-Xylene,7.8
0.1,90,Cesium pivalate,SCHEMBL15068049,p-Xylene,8.21
0.1,90,Cesium pivalate,Me2PPh,p-Xylene,0
0.1,105,Potassium acetate,P(2-furyl)3,DMAc,41.9
0.1,105,Potassium acetate,Methyldiphenylphosphine,DMAc,8.23
0.1,105,Potassium acetate,1268824-69-6,DMAc,13.11
0.1,105,Potassium acetate,JackiePhos,DMAc,75.22
0.1,105,Potassium acetate,SCHEMBL15068049,DMAc,80.38
0.1,105,Potassium acetate,Me2PPh,DMAc,0
0.1,105,Potassium pivalate,P(2-furyl)3,DMAc,73.59
0.1,105,Potassium pivalate,Methyldiphenylphosphine,DMAc,8.85
0.1,105,Potassium pivalate,1268824-69-6,DMAc,38.15
0.1,105,Potassium pivalate,JackiePhos,DMAc,50.54
0.1,105,Potassium pivalate,SCHEMBL15068049,DMAc,89.76
0.1,105,Potassium pivalate,Me2PPh,DMAc,0
0.1,105,Cesium acetate,P(2-furyl)3,DMAc,45.21
0.1,105,Cesium acetate,Methyldiphenylphosphine,DMAc,9.55
0.1,105,Cesium acetate,1268824-69-6,DMAc,19.97
0.1,105,Cesium acetate,JackiePhos,DMAc,41
0.1,105,Cesium acetate,SCHEMBL15068049,DMAc,83.25
0.1,105,Cesium acetate,Me2PPh,DMAc,0
0.1,105,Cesium pivalate,P(2-furyl)3,DMAc,49.4
0.1,105,Cesium pivalate,Methyldiphenylphosphine,DMAc,4.3
0.1,105,Cesium pivalate,1268824-69-6,DMAc,40.43
0.1,105,Cesium pivalate,JackiePhos,DMAc,0
0.1,105,Cesium pivalate,SCHEMBL15068049,DMAc,91.11
0.1,105,Cesium pivalate,Me2PPh,DMAc,0
0.1,105,Potassium acetate,P(2-furyl)3,Butyornitrile,9.1
0.1,105,Potassium acetate,Methyldiphenylphosphine,Butyornitrile,0
0.1,105,Potassium acetate,1268824-69-6,Butyornitrile,14.36
0.1,105,Potassium acetate,JackiePhos,Butyornitrile,19.82
0.1,105,Potassium acetate,SCHEMBL15068049,Butyornitrile,54.67
0.1,105,Potassium acetate,Me2PPh,Butyornitrile,0
0.1,105,Potassium pivalate,P(2-furyl)3,Butyornitrile,46.99
0.1,105,Potassium pivalate,Methyldiphenylphosphine,Butyornitrile,0
0.1,105,Potassium pivalate,1268824-69-6,Butyornitrile,43.52
0.1,105,Potassium pivalate,JackiePhos,Butyornitrile,16.82
0.1,105,Potassium pivalate,SCHEMBL15068049,Butyornitrile,76.68
0.1,105,Potassium pivalate,Me2PPh,Butyornitrile,0
0.1,105,Cesium acetate,P(2-furyl)3,Butyornitrile,16.19
0.1,105,Cesium acetate,Methyldiphenylphosphine,Butyornitrile,0
0.1,105,Cesium acetate,1268824-69-6,Butyornitrile,33.34
0.1,105,Cesium acetate,JackiePhos,Butyornitrile,26.69
0.1,105,Cesium acetate,SCHEMBL15068049,Butyornitrile,82.33
0.1,105,Cesium acetate,Me2PPh,Butyornitrile,0
0.1,105,Cesium pivalate,P(2-furyl)3,Butyornitrile,25.08
0.1,105,Cesium pivalate,Methyldiphenylphosphine,Butyornitrile,0
0.1,105,Cesium pivalate,1268824-69-6,Butyornitrile,39.42
0.1,105,Cesium pivalate,JackiePhos,Butyornitrile,11.95
0.1,105,Cesium pivalate,SCHEMBL15068049,Butyornitrile,65.69
0.1,105,Cesium pivalate,Me2PPh,Butyornitrile,0
0.1,105,Potassium acetate,P(2-furyl)3,Butyl Ester,9.87
0.1,105,Potassium acetate,Methyldiphenylphosphine,Butyl Ester,0
0.1,105,Potassium acetate,1268824-69-6,Butyl Ester,2.85
0.1,105,Potassium acetate,JackiePhos,Butyl Ester,7.74
0.1,105,Potassium acetate,SCHEMBL15068049,Butyl Ester,41.35
0.1,105,Potassium acetate,Me2PPh,Butyl Ester,0
0.1,105,Potassium pivalate,P(2-furyl)3,Butyl Ester,18.21
0.1,105,Potassium pivalate,Methyldiphenylphosphine,Butyl Ester,0
0.1,105,Potassium pivalate,1268824-69-6,Butyl Ester,20.21
0.1,105,Potassium pivalate,JackiePhos,Butyl Ester,5.98
0.1,105,Potassium pivalate,SCHEMBL15068049,Butyl Ester,36.23
0.1,105,Potassium pivalate,Me2PPh,Butyl Ester,0
0.1,105,Cesium acetate,P(2-furyl)3,Butyl Ester,15.72
0.1,105,Cesium acetate,Methyldiphenylphosphine,Butyl Ester,0
0.1,105,Cesium acetate,1268824-69-6,Butyl Ester,8.11
0.1,105,Cesium acetate,JackiePhos,Butyl Ester,3.08
0.1,105,Cesium acetate,SCHEMBL15068049,Butyl Ester,45.01
0.1,105,Cesium acetate,Me2PPh,Butyl Ester,0
0.1,105,Cesium pivalate,P(2-furyl)3,Butyl Ester,14.51
0.1,105,Cesium pivalate,Methyldiphenylphosphine,Butyl Ester,0
0.1,105,Cesium pivalate,1268824-69-6,Butyl Ester,20.63
0.1,105,Cesium pivalate,JackiePhos,Butyl Ester,2.41
0.1,105,Cesium pivalate,SCHEMBL15068049,Butyl Ester,24
0.1,105,Cesium pivalate,Me2PPh,Butyl Ester,0
0.1,105,Potassium acetate,P(2-furyl)3,p-Xylene,8.45
0.1,105,Potassium acetate,Methyldiphenylphosphine,p-Xylene,0
0.1,105,Potassium acetate,1268824-69-6,p-Xylene,0.83
0.1,105,Potassium acetate,JackiePhos,p-Xylene,5.36
0.1,105,Potassium acetate,SCHEMBL15068049,p-Xylene,35.6
0.1,105,Potassium acetate,Me2PPh,p-Xylene,0
0.1,105,Potassium pivalate,P(2-furyl)3,p-Xylene,19.32
0.1,105,Potassium pivalate,Methyldiphenylphosphine,p-Xylene,0
0.1,105,Potassium pivalate,1268824-69-6,p-Xylene,10.98
0.1,105,Potassium pivalate,JackiePhos,p-Xylene,9.9
0.1,105,Potassium pivalate,SCHEMBL15068049,p-Xylene,32.37
0.1,105,Potassium pivalate,Me2PPh,p-Xylene,0
0.1,105,Cesium acetate,P(2-furyl)3,p-Xylene,30.29
0.1,105,Cesium acetate,Methyldiphenylphosphine,p-Xylene,0
0.1,105,Cesium acetate,1268824-69-6,p-Xylene,14.97
0.1,105,Cesium acetate,JackiePhos,p-Xylene,7.15
0.1,105,Cesium acetate,SCHEMBL15068049,p-Xylene,68.35
0.1,105,Cesium acetate,Me2PPh,p-Xylene,0
0.1,105,Cesium pivalate,P(2-furyl)3,p-Xylene,10.05
0.1,105,Cesium pivalate,Methyldiphenylphosphine,p-Xylene,0
0.1,105,Cesium pivalate,1268824-69-6,p-Xylene,9.89
0.1,105,Cesium pivalate,JackiePhos,p-Xylene,8.06
0.1,105,Cesium pivalate,SCHEMBL15068049,p-Xylene,16.46
0.1,105,Cesium pivalate,Me2PPh,p-Xylene,0
0.1,120,Potassium acetate,P(2-furyl)3,DMAc,60.48
0.1,120,Potassium acetate,Methyldiphenylphosphine,DMAc,10.51
0.1,120,Potassium acetate,1268824-69-6,DMAc,15.42
0.1,120,Potassium acetate,JackiePhos,DMAc,75.12
0.1,120,Potassium acetate,SCHEMBL15068049,DMAc,83.22
0.1,120,Potassium acetate,Me2PPh,DMAc,3.59
0.1,120,Potassium pivalate,P(2-furyl)3,DMAc,76.02
0.1,120,Potassium pivalate,Methyldiphenylphosphine,DMAc,30.15
0.1,120,Potassium pivalate,1268824-69-6,DMAc,49.17
0.1,120,Potassium pivalate,JackiePhos,DMAc,70.26
0.1,120,Potassium pivalate,SCHEMBL15068049,DMAc,87.59
0.1,120,Potassium pivalate,Me2PPh,DMAc,3.35
0.1,120,Cesium acetate,P(2-furyl)3,DMAc,29.06
0.1,120,Cesium acetate,Methyldiphenylphosphine,DMAc,4.61
0.1,120,Cesium acetate,1268824-69-6,DMAc,26.78
0.1,120,Cesium acetate,JackiePhos,DMAc,67.63
0.1,120,Cesium acetate,SCHEMBL15068049,DMAc,81.63
0.1,120,Cesium acetate,Me2PPh,DMAc,19.02
0.1,120,Cesium pivalate,P(2-furyl)3,DMAc,62.32
0.1,120,Cesium pivalate,Methyldiphenylphosphine,DMAc,3.7
0.1,120,Cesium pivalate,1268824-69-6,DMAc,45.17
0.1,120,Cesium pivalate,JackiePhos,DMAc,13.46
0.1,120,Cesium pivalate,SCHEMBL15068049,DMAc,83.85
0.1,120,Cesium pivalate,Me2PPh,DMAc,0
0.1,120,Potassium acetate,P(2-furyl)3,Butyornitrile,13.89
0.1,120,Potassium acetate,Methyldiphenylphosphine,Butyornitrile,0
0.1,120,Potassium acetate,1268824-69-6,Butyornitrile,22.06
0.1,120,Potassium acetate,JackiePhos,Butyornitrile,20.08
0.1,120,Potassium acetate,SCHEMBL15068049,Butyornitrile,67.57
0.1,120,Potassium acetate,Me2PPh,Butyornitrile,0
0.1,120,Potassium pivalate,P(2-furyl)3,Butyornitrile,40.02
0.1,120,Potassium pivalate,Methyldiphenylphosphine,Butyornitrile,0
0.1,120,Potassium pivalate,1268824-69-6,Butyornitrile,56.45
0.1,120,Potassium pivalate,JackiePhos,Butyornitrile,16.47
0.1,120,Potassium pivalate,SCHEMBL15068049,Butyornitrile,70.51
0.1,120,Potassium pivalate,Me2PPh,Butyornitrile,0
0.1,120,Cesium acetate,P(2-furyl)3,Butyornitrile,13.75
0.1,120,Cesium acetate,Methyldiphenylphosphine,Butyornitrile,0
0.1,120,Cesium acetate,1268824-69-6,Butyornitrile,40.61
0.1,120,Cesium acetate,JackiePhos,Butyornitrile,23.5
0.1,120,Cesium acetate,SCHEMBL15068049,Butyornitrile,88.82
0.1,120,Cesium acetate,Me2PPh,Butyornitrile,0
0.1,120,Cesium pivalate,P(2-furyl)3,Butyornitrile,37.73
0.1,120,Cesium pivalate,Methyldiphenylphosphine,Butyornitrile,0
0.1,120,Cesium pivalate,1268824-69-6,Butyornitrile,48.15
0.1,120,Cesium pivalate,JackiePhos,Butyornitrile,12.12
0.1,120,Cesium pivalate,SCHEMBL15068049,Butyornitrile,71.57
0.1,120,Cesium pivalate,Me2PPh,Butyornitrile,0
0.1,120,Potassium acetate,P(2-furyl)3,Butyl Ester,21.34
0.1,120,Potassium acetate,Methyldiphenylphosphine,Butyl Ester,0
0.1,120,Potassium acetate,1268824-69-6,Butyl Ester,11.31
0.1,120,Potassium acetate,JackiePhos,Butyl Ester,7.82
0.1,120,Potassium acetate,SCHEMBL15068049,Butyl Ester,51.37
0.1,120,Potassium acetate,Me2PPh,Butyl Ester,0
0.1,120,Potassium pivalate,P(2-furyl)3,Butyl Ester,21
0.1,120,Potassium pivalate,Methyldiphenylphosphine,Butyl Ester,0.31
0.1,120,Potassium pivalate,1268824-69-6,Butyl Ester,35.43
0.1,120,Potassium pivalate,JackiePhos,Butyl Ester,6.73
0.1,120,Potassium pivalate,SCHEMBL15068049,Butyl Ester,42.62
0.1,120,Potassium pivalate,Me2PPh,Butyl Ester,0
0.1,120,Cesium acetate,P(2-furyl)3,Butyl Ester,14.73
0.1,120,Cesium acetate,Methyldiphenylphosphine,Butyl Ester,0
0.1,120,Cesium acetate,1268824-69-6,Butyl Ester,29.75
0.1,120,Cesium acetate,JackiePhos,Butyl Ester,4.06
0.1,120,Cesium acetate,SCHEMBL15068049,Butyl Ester,57.84
0.1,120,Cesium acetate,Me2PPh,Butyl Ester,0
0.1,120,Cesium pivalate,P(2-furyl)3,Butyl Ester,15.21
0.1,120,Cesium pivalate,Methyldiphenylphosphine,Butyl Ester,0
0.1,120,Cesium pivalate,1268824-69-6,Butyl Ester,42.04
0.1,120,Cesium pivalate,JackiePhos,Butyl Ester,2.48
0.1,120,Cesium pivalate,SCHEMBL15068049,Butyl Ester,26.74
0.1,120,Cesium pivalate,Me2PPh,Butyl Ester,0
0.1,120,Potassium acetate,P(2-furyl)3,p-Xylene,9.72
0.1,120,Potassium acetate,Methyldiphenylphosphine,p-Xylene,0
0.1,120,Potassium acetate,1268824-69-6,p-Xylene,7.43
0.1,120,Potassium acetate,JackiePhos,p-Xylene,7.03
0.1,120,Potassium acetate,SCHEMBL15068049,p-Xylene,46.75
0.1,120,Potassium acetate,Me2PPh,p-Xylene,0
0.1,120,Potassium pivalate,P(2-furyl)3,p-Xylene,16.71
0.1,120,Potassium pivalate,Methyldiphenylphosphine,p-Xylene,0
0.1,120,Potassium pivalate,1268824-69-6,p-Xylene,21.25
0.1,120,Potassium pivalate,JackiePhos,p-Xylene,11.69
0.1,120,Potassium pivalate,SCHEMBL15068049,p-Xylene,40.85
0.1,120,Potassium pivalate,Me2PPh,p-Xylene,0
0.1,120,Cesium acetate,P(2-furyl)3,p-Xylene,19.04
0.1,120,Cesium acetate,Methyldiphenylphosphine,p-Xylene,0
0.1,120,Cesium acetate,1268824-69-6,p-Xylene,21.42
0.1,120,Cesium acetate,JackiePhos,p-Xylene,8.31
0.1,120,Cesium acetate,SCHEMBL15068049,p-Xylene,62.73
0.1,120,Cesium acetate,Me2PPh,p-Xylene,0
0.1,120,Cesium pivalate,P(2-furyl)3,p-Xylene,14.75
0.1,120,Cesium pivalate,Methyldiphenylphosphine,p-Xylene,0
0.1,120,Cesium pivalate,1268824-69-6,p-Xylene,9.03
0.1,120,Cesium pivalate,JackiePhos,p-Xylene,8.89
0.1,120,Cesium pivalate,SCHEMBL15068049,p-Xylene,20.03
0.1,120,Cesium pivalate,Me2PPh,p-Xylene,0
0.057,90,Potassium acetate,P(2-furyl)3,DMAc,14.53
0.057,90,Potassium acetate,Methyldiphenylphosphine,DMAc,7.3
0.057,90,Potassium acetate,1268824-69-6,DMAc,3.06
0.057,90,Potassium acetate,JackiePhos,DMAc,72.24
0.057,90,Potassium acetate,SCHEMBL15068049,DMAc,30.41
0.057,90,Potassium acetate,Me2PPh,DMAc,0
0.057,90,Potassium pivalate,P(2-furyl)3,DMAc,26.56
0.057,90,Potassium pivalate,Methyldiphenylphosphine,DMAc,5.02
0.057,90,Potassium pivalate,1268824-69-6,DMAc,12.98
0.057,90,Potassium pivalate,JackiePhos,DMAc,7.12
0.057,90,Potassium pivalate,SCHEMBL15068049,DMAc,62.75
0.057,90,Potassium pivalate,Me2PPh,DMAc,0
0.057,90,Cesium acetate,P(2-furyl)3,DMAc,18.38
0.057,90,Cesium acetate,Methyldiphenylphosphine,DMAc,7.32
0.057,90,Cesium acetate,1268824-69-6,DMAc,5.38
0.057,90,Cesium acetate,JackiePhos,DMAc,40.47
0.057,90,Cesium acetate,SCHEMBL15068049,DMAc,38.8
0.057,90,Cesium acetate,Me2PPh,DMAc,0
0.057,90,Cesium pivalate,P(2-furyl)3,DMAc,21.65
0.057,90,Cesium pivalate,Methyldiphenylphosphine,DMAc,3.43
0.057,90,Cesium pivalate,1268824-69-6,DMAc,11.07
0.057,90,Cesium pivalate,JackiePhos,DMAc,2.72
0.057,90,Cesium pivalate,SCHEMBL15068049,DMAc,65.32
0.057,90,Cesium pivalate,Me2PPh,DMAc,0
0.057,90,Potassium acetate,P(2-furyl)3,Butyornitrile,2.62
0.057,90,Potassium acetate,Methyldiphenylphosphine,Butyornitrile,0
0.057,90,Potassium acetate,1268824-69-6,Butyornitrile,4.98
0.057,90,Potassium acetate,JackiePhos,Butyornitrile,20.5
0.057,90,Potassium acetate,SCHEMBL15068049,Butyornitrile,17.45
0.057,90,Potassium acetate,Me2PPh,Butyornitrile,0
0.057,90,Potassium pivalate,P(2-furyl)3,Butyornitrile,37.93
0.057,90,Potassium pivalate,Methyldiphenylphosphine,Butyornitrile,0
0.057,90,Potassium pivalate,1268824-69-6,Butyornitrile,28.17
0.057,90,Potassium pivalate,JackiePhos,Butyornitrile,16.57
0.057,90,Potassium pivalate,SCHEMBL15068049,Butyornitrile,51.32
0.057,90,Potassium pivalate,Me2PPh,Butyornitrile,0
0.057,90,Cesium acetate,P(2-furyl)3,Butyornitrile,12.91
0.057,90,Cesium acetate,Methyldiphenylphosphine,Butyornitrile,0
0.057,90,Cesium acetate,1268824-69-6,Butyornitrile,21.15
0.057,90,Cesium acetate,JackiePhos,Butyornitrile,23.51
0.057,90,Cesium acetate,SCHEMBL15068049,Butyornitrile,57.85
0.057,90,Cesium acetate,Me2PPh,Butyornitrile,0
0.057,90,Cesium pivalate,P(2-furyl)3,Butyornitrile,26.3
0.057,90,Cesium pivalate,Methyldiphenylphosphine,Butyornitrile,0
0.057,90,Cesium pivalate,1268824-69-6,Butyornitrile,29.23
0.057,90,Cesium pivalate,JackiePhos,Butyornitrile,11.65
0.057,90,Cesium pivalate,SCHEMBL15068049,Butyornitrile,43.22
0.057,90,Cesium pivalate,Me2PPh,Butyornitrile,0
0.057,90,Potassium acetate,P(2-furyl)3,Butyl Ester,3.78
0.057,90,Potassium acetate,Methyldiphenylphosphine,Butyl Ester,0
0.057,90,Potassium acetate,1268824-69-6,Butyl Ester,3.14
0.057,90,Potassium acetate,JackiePhos,Butyl Ester,3.77
0.057,90,Potassium acetate,SCHEMBL15068049,Butyl Ester,12.61
0.057,90,Potassium acetate,Me2PPh,Butyl Ester,0
0.057,90,Potassium pivalate,P(2-furyl)3,Butyl Ester,15.73
0.057,90,Potassium pivalate,Methyldiphenylphosphine,Butyl Ester,0
0.057,90,Potassium pivalate,1268824-69-6,Butyl Ester,3.04
0.057,90,Potassium pivalate,JackiePhos,Butyl Ester,3.67
0.057,90,Potassium pivalate,SCHEMBL15068049,Butyl Ester,17.63
0.057,90,Potassium pivalate,Me2PPh,Butyl Ester,0
0.057,90,Cesium acetate,P(2-furyl)3,Butyl Ester,13.72
0.057,90,Cesium acetate,Methyldiphenylphosphine,Butyl Ester,0
0.057,90,Cesium acetate,1268824-69-6,Butyl Ester,8.14
0.057,90,Cesium acetate,JackiePhos,Butyl Ester,1.79
0.057,90,Cesium acetate,SCHEMBL15068049,Butyl Ester,20.2
0.057,90,Cesium acetate,Me2PPh,Butyl Ester,0
0.057,90,Cesium pivalate,P(2-furyl)3,Butyl Ester,13.13
0.057,90,Cesium pivalate,Methyldiphenylphosphine,Butyl Ester,0
0.057,90,Cesium pivalate,1268824-69-6,Butyl Ester,11
0.057,90,Cesium pivalate,JackiePhos,Butyl Ester,0.99
0.057,90,Cesium pivalate,SCHEMBL15068049,Butyl Ester,14.68
0.057,90,Cesium pivalate,Me2PPh,Butyl Ester,0
0.057,90,Potassium acetate,P(2-furyl)3,p-Xylene,2.65
0.057,90,Potassium acetate,Methyldiphenylphosphine,p-Xylene,0
0.057,90,Potassium acetate,1268824-69-6,p-Xylene,0
0.057,90,Potassium acetate,JackiePhos,p-Xylene,3.79
0.057,90,Potassium acetate,SCHEMBL15068049,p-Xylene,8.45
0.057,90,Potassium acetate,Me2PPh,p-Xylene,0
0.057,90,Potassium pivalate,P(2-furyl)3,p-Xylene,15.86
0.057,90,Potassium pivalate,Methyldiphenylphosphine,p-Xylene,0
0.057,90,Potassium pivalate,1268824-69-6,p-Xylene,0
0.057,90,Potassium pivalate,JackiePhos,p-Xylene,7.25
0.057,90,Potassium pivalate,SCHEMBL15068049,p-Xylene,16.15
0.057,90,Potassium pivalate,Me2PPh,p-Xylene,0
0.057,90,Cesium acetate,P(2-furyl)3,p-Xylene,15.92
0.057,90,Cesium acetate,Methyldiphenylphosphine,p-Xylene,0
0.057,90,Cesium acetate,1268824-69-6,p-Xylene,1.12
0.057,90,Cesium acetate,JackiePhos,p-Xylene,5.48
0.057,90,Cesium acetate,SCHEMBL15068049,p-Xylene,28.4
0.057,90,Cesium acetate,Me2PPh,p-Xylene,0
0.057,90,Cesium pivalate,P(2-furyl)3,p-Xylene,7.59
0.057,90,Cesium pivalate,Methyldiphenylphosphine,p-Xylene,0
0.057,90,Cesium pivalate,1268824-69-6,p-Xylene,0.76
0.057,90,Cesium pivalate,JackiePhos,p-Xylene,0
0.057,90,Cesium pivalate,SCHEMBL15068049,p-Xylene,0.4
0.057,90,Cesium pivalate,Me2PPh,p-Xylene,0
0.057,105,Potassium acetate,P(2-furyl)3,DMAc,39.39
0.057,105,Potassium acetate,Methyldiphenylphosphine,DMAc,14.36
0.057,105,Potassium acetate,1268824-69-6,DMAc,10.03
0.057,105,Potassium acetate,JackiePhos,DMAc,87.62
0.057,105,Potassium acetate,SCHEMBL15068049,DMAc,67.21
0.057,105,Potassium acetate,Me2PPh,DMAc,0
0.057,105,Potassium pivalate,P(2-furyl)3,DMAc,64.12
0.057,105,Potassium pivalate,Methyldiphenylphosphine,DMAc,22.92
0.057,105,Potassium pivalate,1268824-69-6,DMAc,27.93
0.057,105,Potassium pivalate,JackiePhos,DMAc,54.07
0.057,105,Potassium pivalate,SCHEMBL15068049,DMAc,90.39
0.057,105,Potassium pivalate,Me2PPh,DMAc,0
0.057,105,Cesium acetate,P(2-furyl)3,DMAc,44.25
0.057,105,Cesium acetate,Methyldiphenylphosphine,DMAc,20.41
0.057,105,Cesium acetate,1268824-69-6,DMAc,12.61
0.057,105,Cesium acetate,JackiePhos,DMAc,71.97
0.057,105,Cesium acetate,SCHEMBL15068049,DMAc,91.39
0.057,105,Cesium acetate,Me2PPh,DMAc,0
0.057,105,Cesium pivalate,P(2-furyl)3,DMAc,46.33
0.057,105,Cesium pivalate,Methyldiphenylphosphine,DMAc,14.24
0.057,105,Cesium pivalate,1268824-69-6,DMAc,24.03
0.057,105,Cesium pivalate,JackiePhos,DMAc,9.52
0.057,105,Cesium pivalate,SCHEMBL15068049,DMAc,91.06
0.057,105,Cesium pivalate,Me2PPh,DMAc,0
0.057,105,Potassium acetate,P(2-furyl)3,Butyornitrile,8.17
0.057,105,Potassium acetate,Methyldiphenylphosphine,Butyornitrile,0
0.057,105,Potassium acetate,1268824-69-6,Butyornitrile,13.79
0.057,105,Potassium acetate,JackiePhos,Butyornitrile,24.09
0.057,105,Potassium acetate,SCHEMBL15068049,Butyornitrile,36.66
0.057,105,Potassium acetate,Me2PPh,Butyornitrile,0
0.057,105,Potassium pivalate,P(2-furyl)3,Butyornitrile,43.79
0.057,105,Potassium pivalate,Methyldiphenylphosphine,Butyornitrile,1.52
0.057,105,Potassium pivalate,1268824-69-6,Butyornitrile,49.19
0.057,105,Potassium pivalate,JackiePhos,Butyornitrile,15.64
0.057,105,Potassium pivalate,SCHEMBL15068049,Butyornitrile,76.85
0.057,105,Potassium pivalate,Me2PPh,Butyornitrile,0
0.057,105,Cesium acetate,P(2-furyl)3,Butyornitrile,20.05
0.057,105,Cesium acetate,Methyldiphenylphosphine,Butyornitrile,0.04
0.057,105,Cesium acetate,1268824-69-6,Butyornitrile,36.9
0.057,105,Cesium acetate,JackiePhos,Butyornitrile,23.83
0.057,105,Cesium acetate,SCHEMBL15068049,Butyornitrile,67.85
0.057,105,Cesium acetate,Me2PPh,Butyornitrile,0
0.057,105,Cesium pivalate,P(2-furyl)3,Butyornitrile,34.47
0.057,105,Cesium pivalate,Methyldiphenylphosphine,Butyornitrile,0.53
0.057,105,Cesium pivalate,1268824-69-6,Butyornitrile,46.17
0.057,105,Cesium pivalate,JackiePhos,Butyornitrile,10.68
0.057,105,Cesium pivalate,SCHEMBL15068049,Butyornitrile,11.18
0.057,105,Cesium pivalate,Me2PPh,Butyornitrile,0
0.057,105,Potassium acetate,P(2-furyl)3,Butyl Ester,8.43
0.057,105,Potassium acetate,Methyldiphenylphosphine,Butyl Ester,0
0.057,105,Potassium acetate,1268824-69-6,Butyl Ester,2.21
0.057,105,Potassium acetate,JackiePhos,Butyl Ester,5.59
0.057,105,Potassium acetate,SCHEMBL15068049,Butyl Ester,35.64
0.057,105,Potassium acetate,Me2PPh,Butyl Ester,0
0.057,105,Potassium pivalate,P(2-furyl)3,Butyl Ester,16.31
0.057,105,Potassium pivalate,Methyldiphenylphosphine,Butyl Ester,0
0.057,105,Potassium pivalate,1268824-69-6,Butyl Ester,10.68
0.057,105,Potassium pivalate,JackiePhos,Butyl Ester,4.15
0.057,105,Potassium pivalate,SCHEMBL15068049,Butyl Ester,30.75
0.057,105,Potassium pivalate,Me2PPh,Butyl Ester,0
0.057,105,Cesium acetate,P(2-furyl)3,Butyl Ester,14.5
0.057,105,Cesium acetate,Methyldiphenylphosphine,Butyl Ester,0
0.057,105,Cesium acetate,1268824-69-6,Butyl Ester,22.02
0.057,105,Cesium acetate,JackiePhos,Butyl Ester,3.37
0.057,105,Cesium acetate,SCHEMBL15068049,Butyl Ester,38.53
0.057,105,Cesium acetate,Me2PPh,Butyl Ester,0
0.057,105,Cesium pivalate,P(2-furyl)3,Butyl Ester,14.84
0.057,105,Cesium pivalate,Methyldiphenylphosphine,Butyl Ester,0
0.057,105,Cesium pivalate,1268824-69-6,Butyl Ester,33.41
0.057,105,Cesium pivalate,JackiePhos,Butyl Ester,1.3
0.057,105,Cesium pivalate,SCHEMBL15068049,Butyl Ester,19.84
0.057,105,Cesium pivalate,Me2PPh,Butyl Ester,0
0.057,105,Potassium acetate,P(2-furyl)3,p-Xylene,4.99
0.057,105,Potassium acetate,Methyldiphenylphosphine,p-Xylene,0
0.057,105,Potassium acetate,1268824-69-6,p-Xylene,1.47
0.057,105,Potassium acetate,JackiePhos,p-Xylene,5.45
0.057,105,Potassium acetate,SCHEMBL15068049,p-Xylene,25.69
0.057,105,Potassium acetate,Me2PPh,p-Xylene,0
0.057,105,Potassium pivalate,P(2-furyl)3,p-Xylene,14.68
0.057,105,Potassium pivalate,Methyldiphenylphosphine,p-Xylene,0
0.057,105,Potassium pivalate,1268824-69-6,p-Xylene,24.06
0.057,105,Potassium pivalate,JackiePhos,p-Xylene,8.93
0.057,105,Potassium pivalate,SCHEMBL15068049,p-Xylene,17
0.057,105,Potassium pivalate,Me2PPh,p-Xylene,0
0.057,105,Cesium acetate,P(2-furyl)3,p-Xylene,16.85
0.057,105,Cesium acetate,Methyldiphenylphosphine,p-Xylene,0
0.057,105,Cesium acetate,1268824-69-6,p-Xylene,0
0.057,105,Cesium acetate,JackiePhos,p-Xylene,6.15
0.057,105,Cesium acetate,SCHEMBL15068049,p-Xylene,41.1
0.057,105,Cesium acetate,Me2PPh,p-Xylene,0
0.057,105,Cesium pivalate,P(2-furyl)3,p-Xylene,7.12
0.057,105,Cesium pivalate,Methyldiphenylphosphine,p-Xylene,0
0.057,105,Cesium pivalate,1268824-69-6,p-Xylene,12.53
0.057,105,Cesium pivalate,JackiePhos,p-Xylene,6.96
0.057,105,Cesium pivalate,SCHEMBL15068049,p-Xylene,11.91
0.057,105,Cesium pivalate,Me2PPh,p-Xylene,0
0.057,120,Potassium acetate,P(2-furyl)3,DMAc,62.04
0.057,120,Potassium acetate,Methyldiphenylphosphine,DMAc,12.01
0.057,120,Potassium acetate,1268824-69-6,DMAc,13.87
0.057,120,Potassium acetate,JackiePhos,DMAc,89.14
0.057,120,Potassium acetate,SCHEMBL15068049,DMAc,96.64
0.057,120,Potassium acetate,Me2PPh,DMAc,3.33
0.057,120,Potassium pivalate,P(2-furyl)3,DMAc,83.62
0.057,120,Potassium pivalate,Methyldiphenylphosphine,DMAc,28.06
0.057,120,Potassium pivalate,1268824-69-6,DMAc,36.29
0.057,120,Potassium pivalate,JackiePhos,DMAc,82.13
0.057,120,Potassium pivalate,SCHEMBL15068049,DMAc,89.95
0.057,120,Potassium pivalate,Me2PPh,DMAc,2.15
0.057,120,Cesium acetate,P(2-furyl)3,DMAc,78.6
0.057,120,Cesium acetate,Methyldiphenylphosphine,DMAc,18.16
0.057,120,Cesium acetate,1268824-69-6,DMAc,16.77
0.057,120,Cesium acetate,JackiePhos,DMAc,81.48
0.057,120,Cesium acetate,SCHEMBL15068049,DMAc,95.48
0.057,120,Cesium acetate,Me2PPh,DMAc,5.9
0.057,120,Cesium pivalate,P(2-furyl)3,DMAc,50.7
0.057,120,Cesium pivalate,Methyldiphenylphosphine,DMAc,9.36
0.057,120,Cesium pivalate,1268824-69-6,DMAc,27.88
0.057,120,Cesium pivalate,JackiePhos,DMAc,22.07
0.057,120,Cesium pivalate,SCHEMBL15068049,DMAc,92.03
0.057,120,Cesium pivalate,Me2PPh,DMAc,0
0.057,120,Potassium acetate,P(2-furyl)3,Butyornitrile,12.25
0.057,120,Potassium acetate,Methyldiphenylphosphine,Butyornitrile,0
0.057,120,Potassium acetate,1268824-69-6,Butyornitrile,20.95
0.057,120,Potassium acetate,JackiePhos,Butyornitrile,21.88
0.057,120,Potassium acetate,SCHEMBL15068049,Butyornitrile,76.66
0.057,120,Potassium acetate,Me2PPh,Butyornitrile,0
0.057,120,Potassium pivalate,P(2-furyl)3,Butyornitrile,31.53
0.057,120,Potassium pivalate,Methyldiphenylphosphine,Butyornitrile,0
0.057,120,Potassium pivalate,1268824-69-6,Butyornitrile,64.48
0.057,120,Potassium pivalate,JackiePhos,Butyornitrile,16.07
0.057,120,Potassium pivalate,SCHEMBL15068049,Butyornitrile,77.52
0.057,120,Potassium pivalate,Me2PPh,Butyornitrile,0
0.057,120,Cesium acetate,P(2-furyl)3,Butyornitrile,25.45
0.057,120,Cesium acetate,Methyldiphenylphosphine,Butyornitrile,0
0.057,120,Cesium acetate,1268824-69-6,Butyornitrile,49.09
0.057,120,Cesium acetate,JackiePhos,Butyornitrile,23.23
0.057,120,Cesium acetate,SCHEMBL15068049,Butyornitrile,50.74
0.057,120,Cesium acetate,Me2PPh,Butyornitrile,0
0.057,120,Cesium pivalate,P(2-furyl)3,Butyornitrile,23.81
0.057,120,Cesium pivalate,Methyldiphenylphosphine,Butyornitrile,0
0.057,120,Cesium pivalate,1268824-69-6,Butyornitrile,58.13
0.057,120,Cesium pivalate,JackiePhos,Butyornitrile,11.26
0.057,120,Cesium pivalate,SCHEMBL15068049,Butyornitrile,75.46
0.057,120,Cesium pivalate,Me2PPh,Butyornitrile,0
0.057,120,Potassium acetate,P(2-furyl)3,Butyl Ester,9.35
0.057,120,Potassium acetate,Methyldiphenylphosphine,Butyl Ester,0
0.057,120,Potassium acetate,1268824-69-6,Butyl Ester,0
0.057,120,Potassium acetate,JackiePhos,Butyl Ester,5.16
0.057,120,Potassium acetate,SCHEMBL15068049,Butyl Ester,46.42
0.057,120,Potassium acetate,Me2PPh,Butyl Ester,0
0.057,120,Potassium pivalate,P(2-furyl)3,Butyl Ester,14.81
0.057,120,Potassium pivalate,Methyldiphenylphosphine,Butyl Ester,0
0.057,120,Potassium pivalate,1268824-69-6,Butyl Ester,38.63
0.057,120,Potassium pivalate,JackiePhos,Butyl Ester,3.96
0.057,120,Potassium pivalate,SCHEMBL15068049,Butyl Ester,33.69
0.057,120,Potassium pivalate,Me2PPh,Butyl Ester,0
0.057,120,Cesium acetate,P(2-furyl)3,Butyl Ester,12.14
0.057,120,Cesium acetate,Methyldiphenylphosphine,Butyl Ester,0
0.057,120,Cesium acetate,1268824-69-6,Butyl Ester,34.4
0.057,120,Cesium acetate,JackiePhos,Butyl Ester,2.45
0.057,120,Cesium acetate,SCHEMBL15068049,Butyl Ester,38.65
0.057,120,Cesium acetate,Me2PPh,Butyl Ester,0
0.057,120,Cesium pivalate,P(2-furyl)3,Butyl Ester,10.59
0.057,120,Cesium pivalate,Methyldiphenylphosphine,Butyl Ester,0
0.057,120,Cesium pivalate,1268824-69-6,Butyl Ester,13.52
0.057,120,Cesium pivalate,JackiePhos,Butyl Ester,1.23
0.057,120,Cesium pivalate,SCHEMBL15068049,Butyl Ester,19.71
0.057,120,Cesium pivalate,Me2PPh,Butyl Ester,0
0.057,120,Potassium acetate,P(2-furyl)3,p-Xylene,4.66
0.057,120,Potassium acetate,Methyldiphenylphosphine,p-Xylene,0
0.057,120,Potassium acetate,1268824-69-6,p-Xylene,0
0.057,120,Potassium acetate,JackiePhos,p-Xylene,5.4
0.057,120,Potassium acetate,SCHEMBL15068049,p-Xylene,31.14
0.057,120,Potassium acetate,Me2PPh,p-Xylene,0
0.057,120,Potassium pivalate,P(2-furyl)3,p-Xylene,9.88
0.057,120,Potassium pivalate,Methyldiphenylphosphine,p-Xylene,0
0.057,120,Potassium pivalate,1268824-69-6,p-Xylene,4.02
0.057,120,Potassium pivalate,JackiePhos,p-Xylene,8.9
0.057,120,Potassium pivalate,SCHEMBL15068049,p-Xylene,26.39
0.057,120,Potassium pivalate,Me2PPh,p-Xylene,0
0.057,120,Cesium acetate,P(2-furyl)3,p-Xylene,11.72
0.057,120,Cesium acetate,Methyldiphenylphosphine,p-Xylene,0
0.057,120,Cesium acetate,1268824-69-6,p-Xylene,21.94
0.057,120,Cesium acetate,JackiePhos,p-Xylene,6.44
0.057,120,Cesium acetate,SCHEMBL15068049,p-Xylene,59.82
0.057,120,Cesium acetate,Me2PPh,p-Xylene,0
0.057,120,Cesium pivalate,P(2-furyl)3,p-Xylene,5.15
0.057,120,Cesium pivalate,Methyldiphenylphosphine,p-Xylene,0
0.057,120,Cesium pivalate,1268824-69-6,p-Xylene,3.69
0.057,120,Cesium pivalate,JackiePhos,p-Xylene,7.03
0.057,120,Cesium pivalate,SCHEMBL15068049,p-Xylene,12.23
0.057,120,Cesium pivalate,Me2PPh,p-Xylene,0
0.153,90,Potassium acetate,P(2-furyl)3,DMAc,10.13
0.153,90,Potassium acetate,Methyldiphenylphosphine,DMAc,3.02
0.153,90,Potassium acetate,1268824-69-6,DMAc,9.14
0.153,90,Potassium acetate,JackiePhos,DMAc,36.97
0.153,90,Potassium acetate,SCHEMBL15068049,DMAc,28.9
0.153,90,Potassium acetate,Me2PPh,DMAc,0
0.153,90,Potassium pivalate,P(2-furyl)3,DMAc,37.37
0.153,90,Potassium pivalate,Methyldiphenylphosphine,DMAc,2.29
0.153,90,Potassium pivalate,1268824-69-6,DMAc,30.03
0.153,90,Potassium pivalate,JackiePhos,DMAc,2.9
0.153,90,Potassium pivalate,SCHEMBL15068049,DMAc,61.09
0.153,90,Potassium pivalate,Me2PPh,DMAc,0
0.153,90,Cesium acetate,P(2-furyl)3,DMAc,24.55
0.153,90,Cesium acetate,Methyldiphenylphosphine,DMAc,3.61
0.153,90,Cesium acetate,1268824-69-6,DMAc,14.72
0.153,90,Cesium acetate,JackiePhos,DMAc,11.77
0.153,90,Cesium acetate,SCHEMBL15068049,DMAc,43.84
0.153,90,Cesium acetate,Me2PPh,DMAc,0
0.153,90,Cesium pivalate,P(2-furyl)3,DMAc,31.66
0.153,90,Cesium pivalate,Methyldiphenylphosphine,DMAc,1.36
0.153,90,Cesium pivalate,1268824-69-6,DMAc,23.23
0.153,90,Cesium pivalate,JackiePhos,DMAc,0.97
0.153,90,Cesium pivalate,SCHEMBL15068049,DMAc,84.03
0.153,90,Cesium pivalate,Me2PPh,DMAc,0
0.153,90,Potassium acetate,P(2-furyl)3,Butyornitrile,5.7
0.153,90,Potassium acetate,Methyldiphenylphosphine,Butyornitrile,0
0.153,90,Potassium acetate,1268824-69-6,Butyornitrile,5.26
0.153,90,Potassium acetate,JackiePhos,Butyornitrile,24.05
0.153,90,Potassium acetate,SCHEMBL15068049,Butyornitrile,19.99
0.153,90,Potassium acetate,Me2PPh,Butyornitrile,0
0.153,90,Potassium pivalate,P(2-furyl)3,Butyornitrile,52.2
0.153,90,Potassium pivalate,Methyldiphenylphosphine,Butyornitrile,0
0.153,90,Potassium pivalate,1268824-69-6,Butyornitrile,14.99
0.153,90,Potassium pivalate,JackiePhos,Butyornitrile,22.3
0.153,90,Potassium pivalate,SCHEMBL15068049,Butyornitrile,52.23
0.153,90,Potassium pivalate,Me2PPh,Butyornitrile,0
0.153,90,Cesium acetate,P(2-furyl)3,Butyornitrile,29.45
0.153,90,Cesium acetate,Methyldiphenylphosphine,Butyornitrile,0
0.153,90,Cesium acetate,1268824-69-6,Butyornitrile,16.44
0.153,90,Cesium acetate,JackiePhos,Butyornitrile,36.32
0.153,90,Cesium acetate,SCHEMBL15068049,Butyornitrile,63.2
0.153,90,Cesium acetate,Me2PPh,Butyornitrile,0
0.153,90,Cesium pivalate,P(2-furyl)3,Butyornitrile,44.4
0.153,90,Cesium pivalate,Methyldiphenylphosphine,Butyornitrile,0
0.153,90,Cesium pivalate,1268824-69-6,Butyornitrile,18.19
0.153,90,Cesium pivalate,JackiePhos,Butyornitrile,16.91
0.153,90,Cesium pivalate,SCHEMBL15068049,Butyornitrile,36.73
0.153,90,Cesium pivalate,Me2PPh,Butyornitrile,0
0.153,90,Potassium acetate,P(2-furyl)3,Butyl Ester,10.04
0.153,90,Potassium acetate,Methyldiphenylphosphine,Butyl Ester,0
0.153,90,Potassium acetate,1268824-69-6,Butyl Ester,0
0.153,90,Potassium acetate,JackiePhos,Butyl Ester,4.39
0.153,90,Potassium acetate,SCHEMBL15068049,Butyl Ester,16.83
0.153,90,Potassium acetate,Me2PPh,Butyl Ester,0
0.153,90,Potassium pivalate,P(2-furyl)3,Butyl Ester,33.6
0.153,90,Potassium pivalate,Methyldiphenylphosphine,Butyl Ester,0
0.153,90,Potassium pivalate,1268824-69-6,Butyl Ester,5.65
0.153,90,Potassium pivalate,JackiePhos,Butyl Ester,5.68
0.153,90,Potassium pivalate,SCHEMBL15068049,Butyl Ester,22.65
0.153,90,Potassium pivalate,Me2PPh,Butyl Ester,0
0.153,90,Cesium acetate,P(2-furyl)3,Butyl Ester,34.6
0.153,90,Cesium acetate,Methyldiphenylphosphine,Butyl Ester,0
0.153,90,Cesium acetate,1268824-69-6,Butyl Ester,4.16
0.153,90,Cesium acetate,JackiePhos,Butyl Ester,3.38
0.153,90,Cesium acetate,SCHEMBL15068049,Butyl Ester,31.58
0.153,90,Cesium acetate,Me2PPh,Butyl Ester,0
0.153,90,Cesium pivalate,P(2-furyl)3,Butyl Ester,25.64
0.153,90,Cesium pivalate,Methyldiphenylphosphine,Butyl Ester,0
0.153,90,Cesium pivalate,1268824-69-6,Butyl Ester,9.39
0.153,90,Cesium pivalate,JackiePhos,Butyl Ester,2.77
0.153,90,Cesium pivalate,SCHEMBL15068049,Butyl Ester,18.93
0.153,90,Cesium pivalate,Me2PPh,Butyl Ester,0
0.153,90,Potassium acetate,P(2-furyl)3,p-Xylene,10.66
0.153,90,Potassium acetate,Methyldiphenylphosphine,p-Xylene,0
0.153,90,Potassium acetate,1268824-69-6,p-Xylene,0.18
0.153,90,Potassium acetate,JackiePhos,p-Xylene,6.73
0.153,90,Potassium acetate,SCHEMBL15068049,p-Xylene,16.95
0.153,90,Potassium acetate,Me2PPh,p-Xylene,0
0.153,90,Potassium pivalate,P(2-furyl)3,p-Xylene,37.3
0.153,90,Potassium pivalate,Methyldiphenylphosphine,p-Xylene,0
0.153,90,Potassium pivalate,1268824-69-6,p-Xylene,2.49
0.153,90,Potassium pivalate,JackiePhos,p-Xylene,9.96
0.153,90,Potassium pivalate,SCHEMBL15068049,p-Xylene,20.67
0.153,90,Potassium pivalate,Me2PPh,p-Xylene,0
0.153,90,Cesium acetate,P(2-furyl)3,p-Xylene,40.04
0.153,90,Cesium acetate,Methyldiphenylphosphine,p-Xylene,0
0.153,90,Cesium acetate,1268824-69-6,p-Xylene,1.65
0.153,90,Cesium acetate,JackiePhos,p-Xylene,6.77
0.153,90,Cesium acetate,SCHEMBL15068049,p-Xylene,44.22
0.153,90,Cesium acetate,Me2PPh,p-Xylene,0
0.153,90,Cesium pivalate,P(2-furyl)3,p-Xylene,18.95
0.153,90,Cesium pivalate,Methyldiphenylphosphine,p-Xylene,0
0.153,90,Cesium pivalate,1268824-69-6,p-Xylene,0.93
0.153,90,Cesium pivalate,JackiePhos,p-Xylene,9.32
0.153,90,Cesium pivalate,SCHEMBL15068049,p-Xylene,13.02
0.153,90,Cesium pivalate,Me2PPh,p-Xylene,0
0.153,105,Potassium acetate,P(2-furyl)3,DMAc,32.04
0.153,105,Potassium acetate,Methyldiphenylphosphine,DMAc,3.79
0.153,105,Potassium acetate,1268824-69-6,DMAc,21.77
0.153,105,Potassium acetate,JackiePhos,DMAc,63.88
0.153,105,Potassium acetate,SCHEMBL15068049,DMAc,87
0.153,105,Potassium acetate,Me2PPh,DMAc,0
0.153,105,Potassium pivalate,P(2-furyl)3,DMAc,64.46
0.153,105,Potassium pivalate,Methyldiphenylphosphine,DMAc,2.77
0.153,105,Potassium pivalate,1268824-69-6,DMAc,72.45
0.153,105,Potassium pivalate,JackiePhos,DMAc,11.68
0.153,105,Potassium pivalate,SCHEMBL15068049,DMAc,98.49
0.153,105,Potassium pivalate,Me2PPh,DMAc,0
0.153,105,Cesium acetate,P(2-furyl)3,DMAc,52.56
0.153,105,Cesium acetate,Methyldiphenylphosphine,DMAc,3.24
0.153,105,Cesium acetate,1268824-69-6,DMAc,59.83
0.153,105,Cesium acetate,JackiePhos,DMAc,22.3
0.153,105,Cesium acetate,SCHEMBL15068049,DMAc,100
0.153,105,Cesium acetate,Me2PPh,DMAc,0
0.153,105,Cesium pivalate,P(2-furyl)3,DMAc,55.96
0.153,105,Cesium pivalate,Methyldiphenylphosphine,DMAc,0
0.153,105,Cesium pivalate,1268824-69-6,DMAc,76.34
0.153,105,Cesium pivalate,JackiePhos,DMAc,2.84
0.153,105,Cesium pivalate,SCHEMBL15068049,DMAc,100
0.153,105,Cesium pivalate,Me2PPh,DMAc,0
0.153,105,Potassium acetate,P(2-furyl)3,Butyornitrile,11.61
0.153,105,Potassium acetate,Methyldiphenylphosphine,Butyornitrile,0
0.153,105,Potassium acetate,1268824-69-6,Butyornitrile,11.6
0.153,105,Potassium acetate,JackiePhos,Butyornitrile,21.86
0.153,105,Potassium acetate,SCHEMBL15068049,Butyornitrile,50.75
0.153,105,Potassium acetate,Me2PPh,Butyornitrile,0
0.153,105,Potassium pivalate,P(2-furyl)3,Butyornitrile,57.68
0.153,105,Potassium pivalate,Methyldiphenylphosphine,Butyornitrile,0
0.153,105,Potassium pivalate,1268824-69-6,Butyornitrile,30.77
0.153,105,Potassium pivalate,JackiePhos,Butyornitrile,23.1
0.153,105,Potassium pivalate,SCHEMBL15068049,Butyornitrile,69.2
0.153,105,Potassium pivalate,Me2PPh,Butyornitrile,0
0.153,105,Cesium acetate,P(2-furyl)3,Butyornitrile,31.29
0.153,105,Cesium acetate,Methyldiphenylphosphine,Butyornitrile,0
0.153,105,Cesium acetate,1268824-69-6,Butyornitrile,28.37
0.153,105,Cesium acetate,JackiePhos,Butyornitrile,32.74
0.153,105,Cesium acetate,SCHEMBL15068049,Butyornitrile,96.38
0.153,105,Cesium acetate,Me2PPh,Butyornitrile,0
0.153,105,Cesium pivalate,P(2-furyl)3,Butyornitrile,52.69
0.153,105,Cesium pivalate,Methyldiphenylphosphine,Butyornitrile,0
0.153,105,Cesium pivalate,1268824-69-6,Butyornitrile,29.82
0.153,105,Cesium pivalate,JackiePhos,Butyornitrile,13.99
0.153,105,Cesium pivalate,SCHEMBL15068049,Butyornitrile,53.52
0.153,105,Cesium pivalate,Me2PPh,Butyornitrile,0
0.153,105,Potassium acetate,P(2-furyl)3,Butyl Ester,14.19
0.153,105,Potassium acetate,Methyldiphenylphosphine,Butyl Ester,0
0.153,105,Potassium acetate,1268824-69-6,Butyl Ester,1.31
0.153,105,Potassium acetate,JackiePhos,Butyl Ester,6.18
0.153,105,Potassium acetate,SCHEMBL15068049,Butyl Ester,38.53
0.153,105,Potassium acetate,Me2PPh,Butyl Ester,0
0.153,105,Potassium pivalate,P(2-furyl)3,Butyl Ester,36.7
0.153,105,Potassium pivalate,Methyldiphenylphosphine,Butyl Ester,0
0.153,105,Potassium pivalate,1268824-69-6,Butyl Ester,13.22
0.153,105,Potassium pivalate,JackiePhos,Butyl Ester,6.7
0.153,105,Potassium pivalate,SCHEMBL15068049,Butyl Ester,32.43
0.153,105,Potassium pivalate,Me2PPh,Butyl Ester,0
0.153,105,Cesium acetate,P(2-furyl)3,Butyl Ester,34.53
0.153,105,Cesium acetate,Methyldiphenylphosphine,Butyl Ester,0
0.153,105,Cesium acetate,1268824-69-6,Butyl Ester,5.13
0.153,105,Cesium acetate,JackiePhos,Butyl Ester,4.09
0.153,105,Cesium acetate,SCHEMBL15068049,Butyl Ester,50.69
0.153,105,Cesium acetate,Me2PPh,Butyl Ester,0
0.153,105,Cesium pivalate,P(2-furyl)3,Butyl Ester,27.05
0.153,105,Cesium pivalate,Methyldiphenylphosphine,Butyl Ester,0
0.153,105,Cesium pivalate,1268824-69-6,Butyl Ester,9.03
0.153,105,Cesium pivalate,JackiePhos,Butyl Ester,3.13
0.153,105,Cesium pivalate,SCHEMBL15068049,Butyl Ester,22.88
0.153,105,Cesium pivalate,Me2PPh,Butyl Ester,0
0.153,105,Potassium acetate,P(2-furyl)3,p-Xylene,11.69
0.153,105,Potassium acetate,Methyldiphenylphosphine,p-Xylene,0
0.153,105,Potassium acetate,1268824-69-6,p-Xylene,0.83
0.153,105,Potassium acetate,JackiePhos,p-Xylene,7.61
0.153,105,Potassium acetate,SCHEMBL15068049,p-Xylene,41.64
0.153,105,Potassium acetate,Me2PPh,p-Xylene,0
0.153,105,Potassium pivalate,P(2-furyl)3,p-Xylene,37.71
0.153,105,Potassium pivalate,Methyldiphenylphosphine,p-Xylene,0.22
0.153,105,Potassium pivalate,1268824-69-6,p-Xylene,4.92
0.153,105,Potassium pivalate,JackiePhos,p-Xylene,12.77
0.153,105,Potassium pivalate,SCHEMBL15068049,p-Xylene,31.32
0.153,105,Potassium pivalate,Me2PPh,p-Xylene,0
0.153,105,Cesium acetate,P(2-furyl)3,p-Xylene,53.25
0.153,105,Cesium acetate,Methyldiphenylphosphine,p-Xylene,0
0.153,105,Cesium acetate,1268824-69-6,p-Xylene,6.96
0.153,105,Cesium acetate,JackiePhos,p-Xylene,10.93
0.153,105,Cesium acetate,SCHEMBL15068049,p-Xylene,80.69
0.153,105,Cesium acetate,Me2PPh,p-Xylene,0
0.153,105,Cesium pivalate,P(2-furyl)3,p-Xylene,15.44
0.153,105,Cesium pivalate,Methyldiphenylphosphine,p-Xylene,0
0.153,105,Cesium pivalate,1268824-69-6,p-Xylene,4.53
0.153,105,Cesium pivalate,JackiePhos,p-Xylene,10.46
0.153,105,Cesium pivalate,SCHEMBL15068049,p-Xylene,19.28
0.153,105,Cesium pivalate,Me2PPh,p-Xylene,0
0.153,120,Potassium acetate,P(2-furyl)3,DMAc,52.08
0.153,120,Potassium acetate,Methyldiphenylphosphine,DMAc,7.5
0.153,120,Potassium acetate,1268824-69-6,DMAc,14.06
0.153,120,Potassium acetate,JackiePhos,DMAc,85.21
0.153,120,Potassium acetate,SCHEMBL15068049,DMAc,98.38
0.153,120,Potassium acetate,Me2PPh,DMAc,2.78
0.153,120,Potassium pivalate,P(2-furyl)3,DMAc,78.93
0.153,120,Potassium pivalate,Methyldiphenylphosphine,DMAc,2.64
0.153,120,Potassium pivalate,1268824-69-6,DMAc,61.33
0.153,120,Potassium pivalate,JackiePhos,DMAc,43.12
0.153,120,Potassium pivalate,SCHEMBL15068049,DMAc,99.81
0.153,120,Potassium pivalate,Me2PPh,DMAc,0
0.153,120,Cesium acetate,P(2-furyl)3,DMAc,74.3
0.153,120,Cesium acetate,Methyldiphenylphosphine,DMAc,2.33
0.153,120,Cesium acetate,1268824-69-6,DMAc,40.26
0.153,120,Cesium acetate,JackiePhos,DMAc,39.57
0.153,120,Cesium acetate,SCHEMBL15068049,DMAc,99.22
0.153,120,Cesium acetate,Me2PPh,DMAc,2.79
0.153,120,Cesium pivalate,P(2-furyl)3,DMAc,68.17
0.153,120,Cesium pivalate,Methyldiphenylphosphine,DMAc,10.49
0.153,120,Cesium pivalate,1268824-69-6,DMAc,54.83
0.153,120,Cesium pivalate,JackiePhos,DMAc,5.65
0.153,120,Cesium pivalate,SCHEMBL15068049,DMAc,92.19
0.153,120,Cesium pivalate,Me2PPh,DMAc,0
0.153,120,Potassium acetate,P(2-furyl)3,Butyornitrile,3.04
0.153,120,Potassium acetate,Methyldiphenylphosphine,Butyornitrile,0
0.153,120,Potassium acetate,1268824-69-6,Butyornitrile,19.95
0.153,120,Potassium acetate,JackiePhos,Butyornitrile,20.72
0.153,120,Potassium acetate,SCHEMBL15068049,Butyornitrile,80.86
0.153,120,Potassium acetate,Me2PPh,Butyornitrile,0
0.153,120,Potassium pivalate,P(2-furyl)3,Butyornitrile,53.11
0.153,120,Potassium pivalate,Methyldiphenylphosphine,Butyornitrile,0
0.153,120,Potassium pivalate,1268824-69-6,Butyornitrile,45.37
0.153,120,Potassium pivalate,JackiePhos,Butyornitrile,20.51
0.153,120,Potassium pivalate,SCHEMBL15068049,Butyornitrile,80.65
0.153,120,Potassium pivalate,Me2PPh,Butyornitrile,0
0.153,120,Cesium acetate,P(2-furyl)3,Butyornitrile,30.17
0.153,120,Cesium acetate,Methyldiphenylphosphine,Butyornitrile,0
0.153,120,Cesium acetate,1268824-69-6,Butyornitrile,36.46
0.153,120,Cesium acetate,JackiePhos,Butyornitrile,27.41
0.153,120,Cesium acetate,SCHEMBL15068049,Butyornitrile,99.98
0.153,120,Cesium acetate,Me2PPh,Butyornitrile,0
0.153,120,Cesium pivalate,P(2-furyl)3,Butyornitrile,49.48
0.153,120,Cesium pivalate,Methyldiphenylphosphine,Butyornitrile,0
0.153,120,Cesium pivalate,1268824-69-6,Butyornitrile,39.2
0.153,120,Cesium pivalate,JackiePhos,Butyornitrile,13.79
0.153,120,Cesium pivalate,SCHEMBL15068049,Butyornitrile,71.81
0.153,120,Cesium pivalate,Me2PPh,Butyornitrile,0
0.153,120,Potassium acetate,P(2-furyl)3,Butyl Ester,13.12
0.153,120,Potassium acetate,Methyldiphenylphosphine,Butyl Ester,0
0.153,120,Potassium acetate,1268824-69-6,Butyl Ester,8.2
0.153,120,Potassium acetate,JackiePhos,Butyl Ester,6.48
0.153,120,Potassium acetate,SCHEMBL15068049,Butyl Ester,52.47
0.153,120,Potassium acetate,Me2PPh,Butyl Ester,0
0.153,120,Potassium pivalate,P(2-furyl)3,Butyl Ester,31.43
0.153,120,Potassium pivalate,Methyldiphenylphosphine,Butyl Ester,0
0.153,120,Potassium pivalate,1268824-69-6,Butyl Ester,26.48
0.153,120,Potassium pivalate,JackiePhos,Butyl Ester,6.87
0.153,120,Potassium pivalate,SCHEMBL15068049,Butyl Ester,45.73
0.153,120,Potassium pivalate,Me2PPh,Butyl Ester,0
0.153,120,Cesium acetate,P(2-furyl)3,Butyl Ester,53.61
0.153,120,Cesium acetate,Methyldiphenylphosphine,Butyl Ester,0
0.153,120,Cesium acetate,1268824-69-6,Butyl Ester,23.3
0.153,120,Cesium acetate,JackiePhos,Butyl Ester,4.87
0.153,120,Cesium acetate,SCHEMBL15068049,Butyl Ester,62.33
0.153,120,Cesium acetate,Me2PPh,Butyl Ester,1.8
0.153,120,Cesium pivalate,P(2-furyl)3,Butyl Ester,21.09
0.153,120,Cesium pivalate,Methyldiphenylphosphine,Butyl Ester,0
0.153,120,Cesium pivalate,1268824-69-6,Butyl Ester,22.22
0.153,120,Cesium pivalate,JackiePhos,Butyl Ester,3.18
0.153,120,Cesium pivalate,SCHEMBL15068049,Butyl Ester,26.69
0.153,120,Cesium pivalate,Me2PPh,Butyl Ester,0
0.153,120,Potassium acetate,P(2-furyl)3,p-Xylene,11.99
0.153,120,Potassium acetate,Methyldiphenylphosphine,p-Xylene,0
0.153,120,Potassium acetate,1268824-69-6,p-Xylene,4.87
0.153,120,Potassium acetate,JackiePhos,p-Xylene,7.88
0.153,120,Potassium acetate,SCHEMBL15068049,p-Xylene,60.29
0.153,120,Potassium acetate,Me2PPh,p-Xylene,0
0.153,120,Potassium pivalate,P(2-furyl)3,p-Xylene,23.8
0.153,120,Potassium pivalate,Methyldiphenylphosphine,p-Xylene,0
0.153,120,Potassium pivalate,1268824-69-6,p-Xylene,17.56
0.153,120,Potassium pivalate,JackiePhos,p-Xylene,13.33
0.153,120,Potassium pivalate,SCHEMBL15068049,p-Xylene,44.47
0.153,120,Potassium pivalate,Me2PPh,p-Xylene,0
0.153,120,Cesium acetate,P(2-furyl)3,p-Xylene,53.02
0.153,120,Cesium acetate,Methyldiphenylphosphine,p-Xylene,0
0.153,120,Cesium acetate,1268824-69-6,p-Xylene,11.49
0.153,120,Cesium acetate,JackiePhos,p-Xylene,10.77
0.153,120,Cesium acetate,SCHEMBL15068049,p-Xylene,91.19
0.153,120,Cesium acetate,Me2PPh,p-Xylene,0
0.153,120,Cesium pivalate,P(2-furyl)3,p-Xylene,14.29
0.153,120,Cesium pivalate,Methyldiphenylphosphine,p-Xylene,1.6
0.153,120,Cesium pivalate,1268824-69-6,p-Xylene,8.39
0.153,120,Cesium pivalate,JackiePhos,p-Xylene,13.34
0.153,120,Cesium pivalate,SCHEMBL15068049,p-Xylene,19.13
0.153,120,Cesium pivalate,Me2PPh,p-Xylene,0
